날짜,종가,오픈,고가,저가,변동 %
2021/11/12,"1,179.94","1,181.03","1,182.35","1,176.45",-0.21%
2021/11/11,"1,182.39","1,185.15","1,187.30","1,178.17",-0.22%
2021/11/10,"1,185.04","1,178.51","1,186.15","1,176.82",0.56%
2021/11/9,"1,178.40","1,180.95","1,182.10","1,173.36",-0.21%
2021/11/8,"1,180.84","1,181.51","1,186.74","1,178.93",-0.02%
2021/11/5,"1,181.05","1,185.97","1,188.43","1,181.21",-0.40%
2021/11/4,"1,185.75","1,178.89","1,188.81","1,176.94",0.59%
2021/11/3,"1,178.78","1,178.59","1,185.94","1,177.99",0.03%
2021/11/2,"1,178.48","1,177.56","1,179.91","1,174.03",0.09%
2021/11/1,"1,177.45","1,174.61","1,179.89","1,173.28",0.25%
2021/10/29,"1,174.47","1,168.45","1,177.07","1,167.81",0.52%
2021/10/28,"1,168.44","1,172.17","1,174.70","1,166.06",-0.31%
2021/10/27,"1,172.05","1,168.06","1,174.09","1,165.45",0.35%
2021/10/26,"1,167.95","1,168.13","1,170.47","1,163.75",-0.01%
2021/10/25,"1,168.02","1,177.44","1,178.96","1,166.96",-0.80%
2021/10/22,"1,177.48","1,177.86","1,181.70","1,173.64",-0.03%
2021/10/21,"1,177.78","1,175.81","1,180.03","1,172.98",0.18%
2021/10/20,"1,175.63","1,175.61","1,179.26","1,172.01",0.04%
2021/10/19,"1,175.13","1,185.89","1,186.04","1,173.73",-0.87%
2021/10/18,"1,185.47","1,182.49","1,188.85","1,182.39",0.29%
2021/10/15,"1,182.07","1,182.23","1,185.31","1,180.87",0.03%
2021/10/14,"1,181.69","1,186.87","1,190.94","1,181.76",-0.38%
2021/10/13,"1,186.18","1,197.92","1,199.49","1,186.30",-0.93%
2021/10/12,"1,197.29","1,195.75","1,200.90","1,195.38",0.17%
2021/10/11,"1,195.30","1,196.54","1,196.99","1,191.89",-0.12%
2021/10/8,"1,196.79","1,191.33","1,197.61","1,190.35",0.50%
2021/10/7,"1,190.88","1,190.74","1,192.08","1,188.15",0.06%
2021/10/6,"1,190.21","1,186.69","1,197.94","1,185.90",0.31%
2021/10/5,"1,186.48","1,184.45","1,189.12","1,183.83",0.20%
2021/10/4,"1,184.12","1,179.90","1,185.97","1,178.41",0.32%
2021/10/1,"1,180.35","1,184.78","1,189.05","1,179.20",-0.33%
2021/9/30,"1,184.23","1,187.93","1,189.38","1,180.22",-0.24%
2021/9/29,"1,187.11","1,188.04","1,189.26","1,181.20",0.00%
2021/9/28,"1,187.16","1,177.09","1,188.67","1,176.37",0.78%
2021/9/27,"1,177.94","1,179.95","1,182.46","1,173.98",-0.15%
2021/9/24,"1,179.68","1,174.83","1,182.05","1,171.81",0.43%
2021/9/23,"1,174.63","1,181.99","1,186.62","1,170.36",-0.60%
2021/9/22,"1,181.75","1,184.41","1,185.53","1,178.25",-0.19%
2021/9/21,"1,183.96","1,187.39","1,188.61","1,182.66",-0.14%
2021/9/20,"1,185.67","1,181.56","1,192.41","1,181.47",0.42%
2021/9/17,"1,180.69","1,175.36","1,182.81","1,174.23",0.47%
2021/9/16,"1,175.19","1,166.39","1,176.94","1,165.20",0.77%
2021/9/15,"1,166.23","1,172.41","1,174.70","1,164.77",-0.51%
2021/9/14,"1,172.23","1,173.44","1,175.20","1,166.38",-0.05%
2021/9/13,"1,172.83","1,170.38","1,177.53","1,170.02",0.22%
2021/9/10,"1,170.23","1,169.81","1,174.13","1,164.83",0.05%
2021/9/9,"1,169.64","1,167.14","1,172.21","1,166.05",0.27%
2021/9/8,"1,166.54","1,162.16","1,168.83","1,161.15",0.39%
2021/9/7,"1,161.98","1,157.33","1,166.02","1,155.00",0.43%
2021/9/6,"1,157.04","1,155.75","1,159.97","1,154.53",0.24%
2021/9/3,"1,154.28","1,158.23","1,159.71","1,152.54",-0.33%
2021/9/2,"1,158.05","1,156.08","1,162.44","1,155.05",0.22%
2021/9/1,"1,155.47","1,158.95","1,160.64","1,154.54",-0.28%
2021/8/31,"1,158.73","1,166.07","1,167.43","1,155.18",-0.48%
2021/8/30,"1,164.34","1,162.33","1,167.71","1,161.88",0.27%
2021/8/27,"1,161.23","1,170.71","1,174.77","1,160.89",-0.79%
2021/8/26,"1,170.53","1,164.05","1,172.01","1,162.97",0.57%
2021/8/25,"1,163.87","1,164.02","1,169.37","1,162.92",0.02%
2021/8/24,"1,163.65","1,169.06","1,171.57","1,163.10",-0.49%
2021/8/23,"1,169.36","1,175.24","1,177.56","1,167.43",-0.49%
2021/8/20,"1,175.15","1,176.46","1,184.85","1,171.21",-0.10%
2021/8/19,"1,176.28","1,170.28","1,178.40","1,169.66",0.53%
2021/8/18,"1,170.03","1,177.44","1,179.94","1,166.89",-0.62%
2021/8/17,"1,177.30","1,165.45","1,179.80","1,164.60",1.03%
2021/8/16,"1,165.28","1,162.37","1,168.81","1,161.46",0.34%
2021/8/13,"1,161.37","1,163.16","1,171.15","1,160.38",-0.14%
2021/8/12,"1,162.98","1,154.16","1,166.15","1,152.96",0.78%
2021/8/11,"1,153.98","1,152.90","1,159.69","1,151.89",0.11%
2021/8/10,"1,152.70","1,147.07","1,154.29","1,145.78",0.51%
2021/8/9,"1,146.89","1,145.93","1,148.86","1,142.35",0.17%
2021/8/6,"1,144.93","1,142.94","1,148.29","1,140.15",0.20%
2021/8/5,"1,142.59","1,144.94","1,146.84","1,140.62",-0.19%
2021/8/4,"1,144.76","1,148.63","1,149.72","1,140.02",-0.32%
2021/8/3,"1,148.44","1,150.35","1,153.91","1,146.59",-0.15%
2021/8/2,"1,150.18","1,151.90","1,154.60","1,148.52",-0.11%
2021/7/30,"1,151.41","1,143.30","1,154.78","1,142.04",0.73%
2021/7/29,"1,143.12","1,150.44","1,152.12","1,140.48",-0.62%
2021/7/28,"1,150.27","1,154.44","1,159.96","1,149.24",-0.34%
2021/7/27,"1,154.25","1,152.71","1,158.65","1,148.86",0.15%
2021/7/26,"1,152.54","1,152.12","1,157.24","1,151.26",0.09%
2021/7/23,"1,151.52","1,150.86","1,155.41","1,147.15",0.08%
2021/7/22,"1,150.55","1,149.48","1,153.12","1,146.85",0.11%
2021/7/21,"1,149.31","1,148.46","1,156.44","1,147.07",0.16%
2021/7/20,"1,147.47","1,151.92","1,153.07","1,146.55",-0.29%
2021/7/19,"1,150.83","1,142.50","1,155.59","1,141.85",0.82%
2021/7/16,"1,141.51","1,141.77","1,144.28","1,137.99",-0.01%
2021/7/15,"1,141.59","1,144.36","1,148.31","1,138.93",-0.23%
2021/7/14,"1,144.22","1,150.11","1,152.27","1,142.63",-0.50%
2021/7/13,"1,149.94","1,147.18","1,152.90","1,141.21",0.27%
2021/7/12,"1,146.85","1,145.31","1,150.06","1,144.18",0.27%
2021/7/9,"1,143.73","1,146.81","1,150.52","1,143.18",-0.25%
2021/7/8,"1,146.59","1,141.65","1,151.69","1,139.55",0.45%
2021/7/7,"1,141.50","1,136.93","1,144.27","1,135.03",0.42%
2021/7/6,"1,136.75","1,130.59","1,139.97","1,129.03",0.56%
2021/7/5,"1,130.42","1,130.77","1,132.72","1,128.13",-0.01%
2021/7/2,"1,130.53","1,134.51","1,138.60","1,129.60",-0.33%
2021/7/1,"1,134.33","1,130.63","1,135.98","1,128.28",0.34%
2021/6/30,"1,130.48","1,131.80","1,132.89","1,125.59",-0.10%
2021/6/29,"1,131.62","1,130.21","1,134.77","1,127.65",0.14%
2021/6/28,"1,130.04","1,127.34","1,132.68","1,126.58",0.26%
2021/6/25,"1,127.12","1,131.87","1,133.10","1,124.10",-0.32%
2021/6/24,"1,130.78","1,136.03","1,138.69","1,129.97",-0.45%
2021/6/23,"1,135.85","1,133.73","1,138.63","1,131.17",0.20%
2021/6/22,"1,133.57","1,131.57","1,138.81","1,130.35",0.19%
2021/6/21,"1,131.40","1,135.24","1,139.47","1,130.91",-0.31%
2021/6/18,"1,134.94","1,134.47","1,138.14","1,128.06",0.06%
2021/6/17,"1,134.30","1,132.84","1,137.00","1,127.35",0.14%
2021/6/16,"1,132.68","1,118.09","1,137.17","1,115.74",1.40%
2021/6/15,"1,117.09","1,117.33","1,119.39","1,116.14",0.07%
2021/6/14,"1,116.33","1,116.55","1,120.05","1,114.45",-0.01%
2021/6/11,"1,116.40","1,112.56","1,118.54","1,109.25",0.37%
2021/6/10,"1,112.32","1,117.03","1,119.26","1,111.93",-0.29%
2021/6/9,"1,115.61","1,117.72","1,119.02","1,112.30",-0.19%
2021/6/8,"1,117.72","1,110.80","1,118.81","1,108.99",0.64%
2021/6/7,"1,110.62","1,110.68","1,114.53","1,109.07",0.01%
2021/6/4,"1,110.52","1,116.64","1,119.51","1,108.77",-0.53%
2021/6/3,"1,116.46","1,111.10","1,118.82","1,108.86",0.50%
2021/6/2,"1,110.92","1,108.49","1,114.81","1,106.78",0.23%
2021/6/1,"1,108.38","1,108.08","1,110.59","1,104.69",0.16%
2021/5/31,"1,106.58","1,113.83","1,117.42","1,106.50",-0.58%
2021/5/28,"1,113.08","1,118.72","1,119.35","1,112.86",-0.49%
2021/5/27,"1,118.55","1,116.79","1,120.32","1,115.07",0.17%
2021/5/26,"1,116.61","1,122.54","1,123.49","1,114.67",-0.51%
2021/5/25,"1,122.36","1,123.60","1,126.55","1,120.35",-0.10%
2021/5/24,"1,123.48","1,127.86","1,129.60","1,122.80",-0.37%
2021/5/21,"1,127.63","1,127.99","1,129.36","1,122.24",0.00%
2021/5/20,"1,127.66","1,131.35","1,134.41","1,127.17",-0.31%
2021/5/19,"1,131.18","1,127.07","1,133.31","1,124.60",0.38%
2021/5/18,"1,126.93","1,136.91","1,139.74","1,125.64",-0.86%
2021/5/17,"1,136.73","1,126.52","1,139.74","1,125.95",0.97%
2021/5/14,"1,125.79","1,126.89","1,131.31","1,125.23",-0.08%
2021/5/13,"1,126.73","1,132.92","1,136.13","1,126.17",-0.53%
2021/5/12,"1,132.73","1,119.67","1,133.94","1,118.74",1.17%
2021/5/11,"1,119.58","1,116.83","1,122.39","1,114.95",0.26%
2021/5/10,"1,116.68","1,112.97","1,118.10","1,110.49",0.49%
2021/5/7,"1,111.23","1,120.45","1,123.67","1,109.48",-0.81%
2021/5/6,"1,120.28","1,125.02","1,127.02","1,119.63",-0.39%
2021/5/5,"1,124.72","1,125.94","1,128.30","1,122.18",-0.09%
2021/5/4,"1,125.77","1,120.50","1,128.92","1,118.84",0.48%
2021/5/3,"1,120.34","1,117.76","1,124.94","1,115.51",0.28%
2021/4/30,"1,117.16","1,107.81","1,119.45","1,106.52",0.86%
2021/4/29,"1,107.63","1,110.06","1,111.17","1,105.30",-0.20%
2021/4/28,"1,109.88","1,113.43","1,115.52","1,108.31",-0.31%
2021/4/27,"1,113.33","1,110.44","1,114.55","1,108.27",0.28%
2021/4/26,"1,110.27","1,115.85","1,116.95","1,108.96",-0.40%
2021/4/23,"1,114.72","1,120.18","1,121.54","1,113.94",-0.36%
2021/4/22,"1,118.79","1,116.70","1,121.69","1,114.13",0.22%
2021/4/21,"1,116.35","1,117.45","1,121.61","1,114.78",-0.08%
2021/4/20,"1,117.28","1,115.51","1,119.74","1,110.29",0.17%
2021/4/19,"1,115.33","1,117.05","1,120.26","1,112.94",-0.10%
2021/4/16,"1,116.50","1,116.85","1,121.57","1,113.06",-0.02%
2021/4/15,"1,116.68","1,116.26","1,119.82","1,113.01",0.05%
2021/4/14,"1,116.08","1,121.55","1,123.91","1,112.09",-0.47%
2021/4/13,"1,121.37","1,125.23","1,128.42","1,120.38",-0.26%
2021/4/12,"1,124.32","1,121.77","1,127.28","1,120.29",0.30%
2021/4/9,"1,120.98","1,116.75","1,122.58","1,113.15",0.46%
2021/4/8,"1,115.83","1,119.20","1,121.56","1,114.59",-0.29%
2021/4/7,"1,119.03","1,119.29","1,120.36","1,114.67",-0.01%
2021/4/6,"1,119.17","1,125.04","1,125.68","1,116.57",-0.45%
2021/4/5,"1,124.18","1,129.69","1,130.03","1,122.45",-0.40%
2021/4/2,"1,128.64","1,128.86","1,130.38","1,126.29",-0.01%
2021/4/1,"1,128.72","1,127.96","1,133.82","1,125.31",0.14%
2021/3/31,"1,127.17","1,133.54","1,134.68","1,125.32",-0.48%
2021/3/30,"1,132.59","1,132.56","1,136.29","1,131.42",0.09%
2021/3/29,"1,131.56","1,128.95","1,136.41","1,128.77",0.27%
2021/3/26,"1,128.52","1,135.24","1,136.09","1,128.07",-0.58%
2021/3/25,"1,135.12","1,135.40","1,138.02","1,131.93",0.02%
2021/3/24,"1,134.90","1,133.40","1,135.96","1,130.24",0.18%
2021/3/23,"1,132.90","1,126.49","1,134.48","1,125.02",0.61%
2021/3/22,"1,126.00","1,129.47","1,134.01","1,125.61",-0.28%
2021/3/19,"1,129.12","1,128.25","1,134.80","1,125.31",0.12%
2021/3/18,"1,127.75","1,121.91","1,131.30","1,120.04",0.58%
2021/3/17,"1,121.21","1,129.93","1,134.31","1,120.65",-0.69%
2021/3/16,"1,129.00","1,132.85","1,135.91","1,128.14",-0.30%
2021/3/15,"1,132.35","1,136.50","1,138.78","1,130.92",-0.32%
2021/3/12,"1,136.00","1,130.85","1,139.35","1,127.27",0.50%
2021/3/11,"1,130.35","1,136.91","1,140.99","1,128.90",-0.49%
2021/3/10,"1,135.91","1,135.91","1,145.60","1,135.31",0.09%
2021/3/9,"1,134.91","1,141.83","1,144.85","1,133.38",-0.52%
2021/3/8,"1,140.83","1,128.85","1,144.07","1,127.06",1.14%
2021/3/5,"1,128.00","1,131.03","1,137.27","1,124.04",-0.25%
2021/3/4,"1,130.87","1,127.05","1,133.06","1,123.36",0.43%
2021/3/3,"1,126.05","1,125.29","1,128.05","1,116.95",0.09%
2021/3/2,"1,125.01","1,113.53","1,128.28","1,102.06",1.05%
2021/3/1,"1,113.33","1,124.89","1,125.15","1,113.09",-0.94%
2021/2/26,"1,123.89","1,119.47","1,130.33","1,118.41",0.46%
2021/2/25,"1,118.77","1,107.54","1,121.61","1,105.70",1.04%
2021/2/24,"1,107.27","1,110.22","1,113.75","1,106.08",-0.26%
2021/2/23,"1,110.13","1,112.58","1,114.81","1,108.24",-0.13%
2021/2/22,"1,111.59","1,106.02","1,116.10","1,102.83",0.66%
2021/2/19,"1,104.27","1,107.08","1,111.28","1,102.22",-0.24%
2021/2/18,"1,106.96","1,106.50","1,110.15","1,103.19",0.12%
2021/2/17,"1,105.61","1,107.58","1,110.81","1,104.49",-0.09%
2021/2/16,"1,106.58","1,102.31","1,109.55","1,096.91",0.48%
2021/2/15,"1,101.31","1,104.37","1,106.00","1,100.70",-0.12%
2021/2/12,"1,102.59","1,103.12","1,107.59","1,101.73",0.04%
2021/2/11,"1,102.12","1,106.48","1,108.02","1,102.05",-0.30%
2021/2/10,"1,105.48","1,111.01","1,114.16","1,103.59",-0.49%
2021/2/9,"1,110.88","1,117.31","1,118.75","1,110.08",-0.42%
2021/2/8,"1,115.61","1,117.76","1,122.17","1,116.05",-0.10%
2021/2/5,"1,116.77","1,120.11","1,127.85","1,116.22",-0.29%
2021/2/4,"1,120.00","1,113.58","1,122.74","1,112.48",0.59%
2021/2/3,"1,113.46","1,115.51","1,117.25","1,111.80",-0.17%
2021/2/2,"1,115.37","1,117.44","1,119.70","1,113.65",-0.10%
2021/2/1,"1,116.51","1,118.43","1,120.98","1,115.55",-0.10%
2021/1/29,"1,117.64","1,113.24","1,121.76","1,112.15",0.46%
2021/1/28,"1,112.52","1,108.42","1,121.36","1,107.49",0.37%
2021/1/27,"1,108.38","1,102.01","1,109.90","1,100.87",0.67%
2021/1/26,"1,101.02","1,102.69","1,108.24","1,100.47",-0.14%
2021/1/25,"1,102.58","1,105.54","1,105.92","1,100.05",-0.26%
2021/1/22,"1,105.41","1,099.97","1,107.29","1,098.95",0.50%
2021/1/21,"1,099.88","1,097.35","1,102.67","1,096.59",0.32%
2021/1/20,"1,096.35","1,102.44","1,103.39","1,096.88",-0.46%
2021/1/19,"1,101.44","1,104.18","1,106.17","1,100.20",-0.10%
2021/1/18,"1,102.52","1,104.26","1,108.42","1,102.28",-0.07%
2021/1/15,"1,103.27","1,096.04","1,105.33","1,094.93",0.67%
2021/1/14,"1,095.88","1,098.11","1,103.42","1,093.93",-0.11%
2021/1/13,"1,097.12","1,094.60","1,099.33","1,092.37",0.24%
2021/1/12,"1,094.48","1,097.38","1,103.46","1,092.97",-0.25%
2021/1/11,"1,097.23","1,093.01","1,101.05","1,092.73",0.39%
2021/1/8,"1,092.93","1,094.35","1,099.21","1,088.79",-0.12%
2021/1/7,"1,094.28","1,088.03","1,096.78","1,085.42",0.58%
2021/1/6,"1,087.93","1,087.40","1,089.79","1,083.91",0.14%
2021/1/5,"1,086.42","1,086.69","1,090.33","1,082.04",-0.01%
2021/1/4,"1,086.48","1,085.73","1,088.30","1,080.02",0.16%
2021/1/1,"1,084.73","1,085.69","1,086.10","1,085.25",0.02%
2020/12/31,"1,084.47","1,088.43","1,090.35","1,082.97",-0.29%
2020/12/30,"1,087.62","1,091.97","1,093.92","1,084.52",-0.31%
2020/12/29,"1,090.97","1,097.30","1,098.57","1,090.63",-0.42%
2020/12/28,"1,095.60","1,100.08","1,103.55","1,093.51",-0.32%
2020/12/25,"1,099.07","1,102.66","1,102.81","1,100.03",-0.23%
2020/12/24,"1,101.59","1,106.87","1,107.47","1,100.48",-0.46%
2020/12/23,"1,106.65","1,109.94","1,111.05","1,104.68",-0.28%
2020/12/22,"1,109.72","1,104.31","1,111.05","1,102.46",0.65%
2020/12/21,"1,102.55","1,099.48","1,112.74","1,097.94",0.29%
2020/12/18,"1,099.39","1,094.01","1,100.78","1,092.34",0.58%
2020/12/17,"1,093.01","1,094.12","1,095.43","1,090.27",0.06%
2020/12/16,"1,092.36","1,089.56","1,096.55","1,088.05",0.27%
2020/12/15,"1,089.43","1,093.32","1,096.14","1,088.49",-0.33%
2020/12/14,"1,093.07","1,091.80","1,094.91","1,088.85",0.13%
2020/12/11,"1,091.67","1,087.34","1,094.56","1,085.27",0.56%
2020/12/10,"1,085.55","1,087.38","1,091.93","1,084.12",-0.09%
2020/12/9,"1,086.48","1,085.79","1,088.97","1,080.82",0.15%
2020/12/8,"1,084.86","1,084.53","1,087.79","1,082.49",0.12%
2020/12/7,"1,083.53","1,083.87","1,088.35","1,080.39",-0.02%
2020/12/4,"1,083.77","1,092.20","1,093.71","1,080.57",-0.76%
2020/12/3,"1,092.08","1,100.16","1,101.91","1,089.70",-0.72%
2020/12/2,"1,100.02","1,106.23","1,107.01","1,099.22",-0.52%
2020/12/1,"1,105.73","1,109.82","1,110.35","1,105.20",-0.32%
2020/11/30,"1,109.32","1,105.02","1,110.34","1,103.20",0.44%
2020/11/27,"1,104.43","1,106.07","1,107.47","1,102.43",-0.10%
2020/11/26,"1,105.57","1,106.33","1,108.77","1,103.13",-0.06%
2020/11/25,"1,106.21","1,110.64","1,111.51","1,104.69",-0.36%
2020/11/24,"1,110.24","1,114.01","1,114.68","1,108.08",-0.29%
2020/11/23,"1,113.51","1,115.08","1,116.82","1,109.91",-0.13%
2020/11/20,"1,114.95","1,114.09","1,117.87","1,112.31",0.12%
2020/11/19,"1,113.59","1,106.67","1,119.09","1,106.08",0.67%
2020/11/18,"1,106.17","1,105.79","1,107.84","1,101.61",0.07%
2020/11/17,"1,105.38","1,107.16","1,108.39","1,103.98",-0.15%
2020/11/16,"1,107.04","1,108.25","1,110.56","1,105.09",-0.05%
2020/11/13,"1,107.62","1,115.03","1,117.12","1,107.03",-0.65%
2020/11/12,"1,114.86","1,112.49","1,116.31","1,110.46",0.22%
2020/11/11,"1,112.39","1,117.20","1,118.13","1,108.93",-0.42%
2020/11/10,"1,117.07","1,119.45","1,120.29","1,113.60",-0.18%
2020/11/9,"1,119.06","1,121.91","1,122.35","1,110.42",-0.21%
2020/11/6,"1,121.40","1,123.38","1,127.18","1,118.45",-0.13%
2020/11/5,"1,122.88","1,129.66","1,134.41","1,121.60",-0.42%
2020/11/4,"1,127.65","1,131.39","1,147.82","1,125.47",-0.32%
2020/11/3,"1,131.32","1,133.10","1,137.16","1,129.79",-0.14%
2020/11/2,"1,132.95","1,136.60","1,137.60","1,132.59",-0.31%
2020/10/30,"1,136.49","1,130.56","1,139.16","1,126.23",0.57%
2020/10/29,"1,130.06","1,135.14","1,136.08","1,130.19",-0.43%
2020/10/28,"1,134.93","1,129.28","1,138.97","1,126.57",0.51%
2020/10/27,"1,129.21","1,132.51","1,133.43","1,124.69",-0.29%
2020/10/26,"1,132.44","1,128.45","1,134.16","1,127.06",0.40%
2020/10/23,"1,127.95","1,135.14","1,136.94","1,126.23",-0.60%
2020/10/22,"1,134.74","1,133.07","1,137.55","1,131.96",0.19%
2020/10/21,"1,132.54","1,138.77","1,140.10","1,130.61",-0.51%
2020/10/20,"1,138.39","1,140.63","1,141.88","1,137.25",-0.15%
2020/10/19,"1,140.06","1,142.21","1,143.96","1,137.26",-0.18%
2020/10/16,"1,142.13","1,145.23","1,148.14","1,140.73",-0.26%
2020/10/15,"1,145.14","1,147.20","1,149.46","1,141.53",-0.17%
2020/10/14,"1,147.14","1,148.80","1,150.00","1,142.28",-0.10%
2020/10/13,"1,148.30","1,148.29","1,151.93","1,144.46",0.04%
2020/10/12,"1,147.79","1,143.65","1,152.14","1,143.11",0.37%
2020/10/9,"1,143.52","1,151.22","1,151.87","1,141.86",-0.66%
2020/10/8,"1,151.11","1,157.38","1,159.31","1,150.43",-0.53%
2020/10/7,"1,157.26","1,164.87","1,166.56","1,156.14",-0.61%
2020/10/6,"1,164.37","1,157.29","1,166.07","1,156.42",0.63%
2020/10/5,"1,157.12","1,166.35","1,167.33","1,156.59",-0.78%
2020/10/2,"1,166.26","1,162.93","1,168.28","1,162.18",0.29%
2020/10/1,"1,162.83","1,164.75","1,165.84","1,160.70",-0.16%
2020/9/30,"1,164.65","1,168.82","1,171.58","1,163.73",-0.35%
2020/9/29,"1,168.73","1,167.35","1,171.60","1,166.38",0.16%
2020/9/28,"1,166.85","1,174.44","1,175.23","1,166.81",-0.64%
2020/9/25,"1,174.32","1,169.60","1,178.03","1,168.35",0.45%
2020/9/24,"1,169.10","1,170.78","1,176.31","1,167.08",-0.13%
2020/9/23,"1,170.65","1,163.65","1,172.46","1,160.69",0.61%
2020/9/22,"1,163.61","1,164.84","1,166.03","1,158.93",0.00%
2020/9/21,"1,163.61","1,165.00","1,168.31","1,156.46",-0.10%
2020/9/18,"1,164.81","1,169.70","1,170.78","1,159.40",-0.38%
2020/9/17,"1,169.20","1,172.97","1,178.18","1,168.43",-0.31%
2020/9/16,"1,172.88","1,180.26","1,181.93","1,169.90",-0.58%
2020/9/15,"1,179.76","1,181.89","1,183.53","1,176.74",-0.15%
2020/9/14,"1,181.51","1,187.99","1,188.86","1,180.21",-0.54%
2020/9/11,"1,187.89","1,188.21","1,190.27","1,185.60",-0.02%
2020/9/10,"1,188.11","1,184.92","1,188.73","1,183.88",0.28%
2020/9/9,"1,184.79","1,190.23","1,191.79","1,184.05",-0.45%
2020/9/8,"1,190.10","1,187.77","1,190.87","1,185.80",0.24%
2020/9/7,"1,187.27","1,187.33","1,189.67","1,185.85",0.00%
2020/9/4,"1,187.30","1,191.73","1,193.21","1,186.94",-0.35%
2020/9/3,"1,191.48","1,189.63","1,192.56","1,185.47",0.20%
2020/9/2,"1,189.13","1,185.58","1,191.71","1,184.18",0.31%
2020/9/1,"1,185.45","1,188.07","1,188.69","1,181.68",-0.21%
2020/8/31,"1,187.94","1,180.51","1,188.87","1,178.91",0.63%
2020/8/28,"1,180.48","1,187.56","1,188.29","1,180.03",-0.59%
2020/8/27,"1,187.44","1,184.79","1,188.51","1,182.82",0.26%
2020/8/26,"1,184.39","1,187.48","1,188.94","1,184.16",-0.25%
2020/8/25,"1,187.35","1,189.04","1,190.22","1,184.70",-0.11%
2020/8/24,"1,188.66","1,192.12","1,193.03","1,186.47",-0.26%
2020/8/21,"1,191.72","1,185.36","1,193.51","1,183.10",0.55%
2020/8/20,"1,185.24","1,182.24","1,190.91","1,181.53",0.30%
2020/8/19,"1,181.74","1,183.79","1,184.57","1,176.04",-0.08%
2020/8/18,"1,182.70","1,184.14","1,186.70","1,182.89",-0.04%
2020/8/17,"1,183.19","1,185.90","1,187.27","1,183.63",-0.32%
2020/8/14,"1,186.94","1,185.15","1,188.06","1,183.92",0.17%
2020/8/13,"1,184.92","1,183.74","1,186.32","1,181.24",0.14%
2020/8/12,"1,183.23","1,186.12","1,187.77","1,182.33",-0.20%
2020/8/11,"1,185.62","1,186.08","1,187.97","1,181.69",0.00%
2020/8/10,"1,185.58","1,189.19","1,189.64","1,183.90",-0.26%
2020/8/7,"1,188.68","1,184.00","1,191.28","1,183.07",0.44%
2020/8/6,"1,183.50","1,186.24","1,187.47","1,182.51",-0.22%
2020/8/5,"1,186.05","1,193.32","1,193.81","1,183.31",-0.60%
2020/8/4,"1,193.20","1,192.70","1,197.12","1,191.18",0.05%
2020/8/3,"1,192.59","1,194.10","1,196.79","1,191.31",-0.08%
2020/7/31,"1,193.59","1,189.73","1,196.11","1,186.27",0.33%
2020/7/30,"1,189.62","1,190.04","1,198.22","1,187.59",-0.01%
2020/7/29,"1,189.79","1,199.54","1,200.05","1,189.76",-0.81%
2020/7/28,"1,199.46","1,196.07","1,202.16","1,190.10",0.33%
2020/7/27,"1,195.57","1,201.49","1,202.32","1,194.12",-0.49%
2020/7/24,"1,201.50","1,201.95","1,204.59","1,198.71",0.00%
2020/7/23,"1,201.45","1,197.38","1,203.85","1,195.58",0.35%
2020/7/22,"1,197.22","1,194.03","1,199.91","1,192.29",0.28%
2020/7/21,"1,193.92","1,201.02","1,202.02","1,192.34",-0.58%
2020/7/20,"1,200.90","1,203.53","1,206.93","1,200.46",-0.21%
2020/7/17,"1,203.44","1,205.23","1,207.35","1,202.92",-0.14%
2020/7/16,"1,205.11","1,201.00","1,207.60","1,200.08",0.38%
2020/7/15,"1,200.50","1,205.01","1,205.49","1,198.81",-0.36%
2020/7/14,"1,204.89","1,203.87","1,208.74","1,203.07",0.13%
2020/7/13,"1,203.37","1,200.52","1,204.48","1,198.69",0.25%
2020/7/10,"1,200.42","1,197.06","1,206.03","1,196.18",0.29%
2020/7/9,"1,196.98","1,192.68","1,199.13","1,191.04",0.41%
2020/7/8,"1,192.05","1,196.84","1,199.53","1,192.08",-0.39%
2020/7/7,"1,196.75","1,192.04","1,197.78","1,189.23",0.41%
2020/7/6,"1,191.92","1,199.66","1,200.10","1,191.11",-0.58%
2020/7/3,"1,198.93","1,199.25","1,202.47","1,197.77",0.02%
2020/7/2,"1,198.75","1,201.67","1,204.15","1,196.68",-0.23%
2020/7/1,"1,201.51","1,199.44","1,205.05","1,197.92",0.19%
2020/6/30,"1,199.28","1,199.66","1,204.68","1,195.09",0.01%
2020/6/29,"1,199.16","1,203.63","1,205.96","1,197.46",-0.39%
2020/6/26,"1,203.80","1,202.36","1,204.83","1,197.00",0.13%
2020/6/25,"1,202.21","1,206.20","1,209.08","1,200.91",-0.32%
2020/6/24,"1,206.08","1,208.45","1,208.87","1,198.71",-0.11%
2020/6/23,"1,207.46","1,209.53","1,216.40","1,205.47",-0.16%
2020/6/22,"1,209.41","1,211.89","1,216.35","1,208.77",-0.20%
2020/6/19,"1,211.83","1,212.60","1,214.16","1,205.62",-0.06%
2020/6/18,"1,212.50","1,215.53","1,218.09","1,207.76",-0.24%
2020/6/17,"1,215.41","1,212.29","1,219.26","1,210.35",0.30%
2020/6/16,"1,211.79","1,208.65","1,215.22","1,204.09",0.27%
2020/6/15,"1,208.55","1,203.61","1,217.13","1,203.16",0.41%
2020/6/12,"1,203.66","1,206.20","1,210.48","1,200.61",-0.20%
2020/6/11,"1,206.10","1,190.79","1,208.40","1,188.11",1.30%
2020/6/10,"1,190.67","1,198.52","1,200.79","1,184.24",-0.65%
2020/6/9,"1,198.40","1,195.90","1,202.93","1,194.99",0.26%
2020/6/8,"1,195.35","1,201.85","1,205.88","1,193.92",-0.55%
2020/6/5,"1,202.02","1,216.54","1,218.76","1,200.35",-1.18%
2020/6/4,"1,216.39","1,215.95","1,220.20","1,212.94",0.05%
2020/6/3,"1,215.79","1,220.12","1,220.67","1,214.12",-0.31%
2020/6/2,"1,219.62","1,223.05","1,227.33","1,216.33",-0.27%
2020/6/1,"1,222.92","1,231.47","1,232.19","1,221.74",-0.70%
2020/5/29,"1,231.49","1,238.03","1,240.70","1,230.18",-0.52%
2020/5/28,"1,237.97","1,238.26","1,242.59","1,233.71",-0.02%
2020/5/27,"1,238.19","1,230.99","1,239.51","1,230.43",0.59%
2020/5/26,"1,230.90","1,240.95","1,242.70","1,230.11",-0.77%
2020/5/25,"1,240.45","1,240.56","1,244.89","1,237.61",-0.01%
2020/5/22,"1,240.59","1,233.27","1,244.51","1,232.81",0.60%
2020/5/21,"1,233.19","1,227.40","1,234.52","1,226.44",0.48%
2020/5/20,"1,227.26","1,225.18","1,232.70","1,224.17",0.18%
2020/5/19,"1,225.04","1,225.27","1,227.55","1,221.06",-0.01%
2020/5/18,"1,225.13","1,233.09","1,235.04","1,224.44",-0.61%
2020/5/15,"1,232.69","1,227.53","1,235.58","1,226.30",0.46%
2020/5/14,"1,227.03","1,227.51","1,234.03","1,226.12",-0.03%
2020/5/13,"1,227.37","1,226.84","1,229.40","1,222.17",0.06%
2020/5/12,"1,226.64","1,223.41","1,228.95","1,220.19",0.31%
2020/5/11,"1,222.91","1,219.70","1,226.18","1,214.18",0.27%
2020/5/8,"1,219.65","1,220.11","1,221.82","1,214.51",0.00%
2020/5/7,"1,219.61","1,229.60","1,230.06","1,217.08",-0.73%
2020/5/6,"1,228.55","1,222.57","1,230.03","1,220.57",0.50%
2020/5/5,"1,222.47","1,224.18","1,224.82","1,218.20",-0.14%
2020/5/4,"1,224.14","1,224.80","1,230.53","1,223.36",-0.06%
2020/5/1,"1,224.89","1,213.94","1,225.87","1,213.10",0.99%
2020/4/30,"1,212.94","1,211.10","1,215.69","1,203.52",0.16%
2020/4/29,"1,210.99","1,221.81","1,223.45","1,210.42",-0.84%
2020/4/28,"1,221.31","1,222.64","1,227.95","1,216.86",-0.06%
2020/4/27,"1,222.05","1,230.50","1,235.10","1,220.81",-0.69%
2020/4/24,"1,230.53","1,233.54","1,238.24","1,229.93",-0.20%
2020/4/23,"1,233.04","1,234.05","1,237.23","1,227.72",-0.04%
2020/4/22,"1,233.55","1,233.53","1,237.91","1,229.92",0.08%
2020/4/21,"1,232.56","1,220.62","1,241.82","1,220.12",0.98%
2020/4/20,"1,220.58","1,216.26","1,222.63","1,214.71",0.37%
2020/4/17,"1,216.13","1,228.98","1,229.45","1,213.95",-1.04%
2020/4/16,"1,228.94","1,224.72","1,230.53","1,222.94",0.35%
2020/4/15,"1,224.68","1,212.50","1,225.77","1,209.61",1.01%
2020/4/14,"1,212.46","1,215.97","1,219.45","1,211.31",-0.25%
2020/4/13,"1,215.46","1,212.04","1,221.70","1,211.59",0.36%
2020/4/10,"1,211.05","1,211.11","1,216.10","1,206.64",0.04%
2020/4/9,"1,210.58","1,216.26","1,222.36","1,208.67",-0.43%
2020/4/8,"1,215.76","1,215.43","1,223.19","1,214.09",0.07%
2020/4/7,"1,214.93","1,224.64","1,225.56","1,208.79",-0.79%
2020/4/6,"1,224.60","1,236.42","1,239.51","1,223.58",-0.89%
2020/4/3,"1,235.61","1,227.85","1,240.65","1,224.18",0.67%
2020/4/2,"1,227.35","1,236.70","1,243.29","1,225.56",-0.72%
2020/4/1,"1,236.20","1,218.80","1,239.27","1,216.80",1.47%
2020/3/31,"1,218.30","1,224.71","1,225.21","1,214.28",-0.48%
2020/3/30,"1,224.21","1,212.73","1,227.21","1,212.18",0.99%
2020/3/27,"1,212.23","1,213.40","1,227.29","1,205.31",-0.06%
2020/3/26,"1,212.90","1,233.00","1,235.43","1,212.48",-1.55%
2020/3/25,"1,232.00","1,234.21","1,239.08","1,226.07",-0.10%
2020/3/24,"1,233.21","1,273.00","1,273.04","1,232.90",-3.09%
2020/3/23,"1,272.50","1,254.85","1,283.05","1,254.40",1.44%
2020/3/20,"1,254.45","1,258.36","1,264.60","1,237.22",-0.27%
2020/3/19,"1,257.86","1,256.50","1,292.93","1,247.45",0.11%
2020/3/18,"1,256.46","1,239.76","1,269.15","1,231.60",1.35%
2020/3/17,"1,239.72","1,232.87","1,247.21","1,232.45",0.60%
2020/3/16,"1,232.37","1,211.70","1,233.72","1,209.31",1.74%
2020/3/13,"1,211.28","1,211.21","1,226.77","1,205.48",0.05%
2020/3/12,"1,210.71","1,192.71","1,214.17","1,191.15",1.52%
2020/3/11,"1,192.57","1,185.75","1,197.95","1,184.43",0.59%
2020/3/10,"1,185.60","1,200.94","1,202.30","1,185.03",-1.27%
2020/3/9,"1,200.88","1,188.70","1,206.60","1,188.60",1.02%
2020/3/6,"1,188.70","1,188.82","1,194.72","1,184.96",0.00%
2020/3/5,"1,188.72","1,185.23","1,193.08","1,179.84",0.34%
2020/3/4,"1,184.73","1,181.00","1,188.98","1,181.00",0.36%
2020/3/3,"1,180.50","1,189.71","1,196.21","1,178.81",-0.77%
2020/3/2,"1,189.61","1,200.21","1,207.63","1,188.56",-0.88%
2020/2/28,"1,200.20","1,212.68","1,218.56","1,199.59",-1.03%
2020/2/27,"1,212.63","1,212.81","1,218.82","1,206.76",0.03%
2020/2/26,"1,212.31","1,216.04","1,220.63","1,211.83",-0.27%
2020/2/25,"1,215.54","1,219.17","1,220.33","1,208.84",-0.29%
2020/2/24,"1,219.08","1,206.97","1,222.96","1,206.97",1.01%
2020/2/21,"1,206.91","1,205.21","1,215.27","1,202.94",0.18%
2020/2/20,"1,204.71","1,193.00","1,208.99","1,191.42",1.02%
2020/2/19,"1,192.50","1,191.05","1,193.90","1,187.50",0.13%
2020/2/18,"1,190.95","1,185.38","1,192.48","1,184.28",0.48%
2020/2/17,"1,185.25","1,183.44","1,185.88","1,179.19",0.24%
2020/2/14,"1,182.46","1,184.59","1,185.85","1,180.48",-0.09%
2020/2/13,"1,183.58","1,179.51","1,185.02","1,178.24",0.43%
2020/2/12,"1,178.51","1,182.29","1,184.21","1,176.06",-0.23%
2020/2/11,"1,181.25","1,188.17","1,188.57","1,180.42",-0.50%
2020/2/10,"1,187.17","1,192.39","1,194.50","1,185.33",-0.35%
2020/2/7,"1,191.39","1,186.28","1,196.29","1,184.72",0.52%
2020/2/6,"1,185.28","1,184.40","1,186.77","1,177.71",0.16%
2020/2/5,"1,183.40","1,183.90","1,192.90","1,180.18",0.04%
2020/2/4,"1,182.90","1,190.81","1,194.28","1,183.24",-0.58%
2020/2/3,"1,189.79","1,195.96","1,199.44","1,190.17",-0.43%
2020/1/31,"1,194.97","1,188.64","1,198.55","1,183.88",0.62%
2020/1/30,"1,187.64","1,179.68","1,193.67","1,178.22",0.76%
2020/1/29,"1,178.68","1,176.21","1,180.43","1,173.73",0.25%
2020/1/28,"1,175.71","1,177.70","1,181.88","1,174.96",-0.08%
2020/1/27,"1,176.70","1,170.24","1,179.71","1,170.09",0.64%
2020/1/24,"1,169.20","1,168.60","1,171.06","1,166.02",0.06%
2020/1/23,"1,168.54","1,165.76","1,170.77","1,164.29",0.32%
2020/1/22,"1,164.76","1,170.01","1,170.20","1,162.02",-0.36%
2020/1/21,"1,169.01","1,159.61","1,170.77","1,157.94",0.90%
2020/1/20,"1,158.61","1,161.46","1,162.20","1,155.87",-0.16%
2020/1/17,"1,160.44","1,160.73","1,161.93","1,155.97",0.06%
2020/1/16,"1,159.73","1,158.91","1,161.97","1,156.50",0.16%
2020/1/15,"1,157.91","1,158.20","1,162.80","1,155.85",0.06%
2020/1/14,"1,157.20","1,154.95","1,159.66","1,150.30",0.28%
2020/1/13,"1,153.95","1,158.92","1,159.57","1,153.13",-0.35%
2020/1/10,"1,157.97","1,159.73","1,164.16","1,157.55",-0.06%
2020/1/9,"1,158.72","1,162.49","1,163.55","1,157.41",-0.30%
2020/1/8,"1,162.25","1,168.30","1,179.67","1,160.50",-0.43%
2020/1/7,"1,167.30","1,167.54","1,168.82","1,163.11",0.03%
2020/1/6,"1,166.94","1,165.89","1,172.99","1,165.78",0.17%
2020/1/3,"1,164.95","1,157.94","1,168.83","1,155.70",0.66%
2020/1/2,"1,157.35","1,155.02","1,161.15","1,153.48",0.29%
2020/1/1,"1,154.02","1,155.07","1,155.32","1,154.08",0.00%
2019/12/31,"1,154.07","1,157.97","1,159.00","1,152.94",-0.25%
2019/12/30,"1,156.97","1,160.70","1,161.03","1,154.48",-0.17%
2019/12/27,"1,158.95","1,162.33","1,162.79","1,158.12",-0.20%
2019/12/26,"1,161.30","1,160.76","1,163.52","1,159.65",0.13%
2019/12/25,"1,159.76","1,163.52","1,163.81","1,160.71",-0.24%
2019/12/24,"1,162.52","1,164.04","1,166.10","1,160.35",-0.04%
2019/12/23,"1,163.04","1,159.39","1,164.90","1,159.04",0.35%
2019/12/20,"1,158.99","1,163.27","1,165.87","1,158.16",-0.28%
2019/12/19,"1,162.27","1,166.71","1,168.10","1,162.31",-0.37%
2019/12/18,"1,166.57","1,164.15","1,169.70","1,162.46",0.29%
2019/12/17,"1,163.15","1,168.48","1,170.60","1,162.17",-0.37%
2019/12/16,"1,167.48","1,176.80","1,177.55","1,167.56",-0.69%
2019/12/13,"1,175.57","1,172.89","1,179.03","1,168.32",0.31%
2019/12/12,"1,171.89","1,189.61","1,192.16","1,170.51",-1.41%
2019/12/11,"1,188.61","1,190.49","1,195.58","1,189.15",-0.07%
2019/12/10,"1,189.49","1,190.54","1,194.32","1,189.19",-0.01%
2019/12/9,"1,189.55","1,186.01","1,192.81","1,185.86",0.34%
2019/12/6,"1,185.51","1,188.92","1,192.69","1,185.54",-0.20%
2019/12/5,"1,187.92","1,191.35","1,193.38","1,187.43",-0.27%
2019/12/4,"1,191.15","1,189.77","1,196.20","1,188.67",0.15%
2019/12/3,"1,189.36","1,185.78","1,194.02","1,183.86",0.39%
2019/12/2,"1,184.78","1,181.42","1,187.30","1,177.71",0.35%
2019/11/29,"1,180.70","1,178.82","1,182.76","1,177.56",0.22%
2019/11/28,"1,178.09","1,176.98","1,181.04","1,175.86",0.18%
2019/11/27,"1,175.97","1,173.32","1,178.86","1,172.24",0.30%
2019/11/26,"1,172.42","1,173.90","1,179.05","1,170.20",-0.04%
2019/11/25,"1,172.90","1,180.75","1,180.76","1,172.68",-0.55%
2019/11/22,"1,179.33","1,176.74","1,181.02","1,174.97",0.24%
2019/11/21,"1,176.45","1,170.82","1,179.55","1,169.80",0.57%
2019/11/20,"1,169.82","1,168.35","1,172.71","1,167.33",0.21%
2019/11/19,"1,167.35","1,167.23","1,170.67","1,165.31",0.10%
2019/11/18,"1,166.23","1,163.70","1,168.16","1,162.19",0.31%
2019/11/15,"1,162.65","1,169.08","1,169.90","1,163.06",-0.46%
2019/11/14,"1,168.08","1,171.48","1,173.17","1,168.19",-0.26%
2019/11/13,"1,171.09","1,166.53","1,174.15","1,164.84",0.48%
2019/11/12,"1,165.53","1,165.46","1,166.98","1,159.85",0.09%
2019/11/11,"1,164.45","1,158.70","1,167.35","1,157.88",0.50%
2019/11/8,"1,158.60","1,155.31","1,159.91","1,153.73",0.37%
2019/11/7,"1,154.31","1,161.60","1,163.28","1,152.73",-0.53%
2019/11/6,"1,160.41","1,156.82","1,162.59","1,155.35",0.40%
2019/11/5,"1,155.82","1,163.02","1,163.30","1,153.94",-0.60%
2019/11/4,"1,162.79","1,164.80","1,164.90","1,157.89",-0.16%
2019/11/1,"1,164.67","1,170.24","1,171.52","1,164.01",-0.39%
2019/10/31,"1,169.24","1,165.41","1,171.56","1,159.17",0.41%
2019/10/30,"1,164.41","1,167.55","1,170.84","1,164.32",-0.26%
2019/10/29,"1,167.39","1,168.62","1,170.11","1,162.60",-0.02%
2019/10/28,"1,167.61","1,171.50","1,172.10","1,167.54",-0.35%
2019/10/25,"1,171.66","1,175.21","1,176.18","1,171.22",-0.29%
2019/10/24,"1,175.12","1,170.67","1,175.87","1,167.31",0.47%
2019/10/23,"1,169.67","1,173.07","1,176.90","1,170.06",-0.21%
2019/10/22,"1,172.09","1,172.49","1,174.67","1,169.22",-0.02%
2019/10/21,"1,172.33","1,179.22","1,181.05","1,168.91",-0.47%
2019/10/18,"1,177.91","1,179.07","1,182.82","1,178.20",-0.06%
2019/10/17,"1,178.60","1,186.51","1,188.21","1,175.23",-0.58%
2019/10/16,"1,185.51","1,184.88","1,190.94","1,183.64",0.06%
2019/10/15,"1,184.79","1,184.70","1,187.62","1,182.31",0.09%
2019/10/14,"1,183.70","1,182.50","1,187.06","1,180.52",0.10%
2019/10/11,"1,182.48","1,190.46","1,192.62","1,177.83",-0.59%
2019/10/10,"1,189.46","1,198.50","1,201.71","1,188.94",-0.67%
2019/10/9,"1,197.50","1,200.02","1,200.24","1,196.07",-0.13%
2019/10/8,"1,199.02","1,197.33","1,200.31","1,192.10",0.22%
2019/10/7,"1,196.33","1,192.30","1,198.69","1,192.19",0.43%
2019/10/4,"1,191.25","1,201.89","1,203.18","1,191.46",-0.80%
2019/10/3,"1,200.89","1,205.37","1,206.80","1,200.91",-0.29%
2019/10/2,"1,204.37","1,203.37","1,207.89","1,200.90",0.17%
2019/10/1,"1,202.37","1,199.09","1,204.33","1,196.11",0.36%
2019/9/30,"1,198.09","1,202.90","1,203.80","1,195.30",-0.32%
2019/9/27,"1,201.99","1,200.46","1,203.80","1,196.86",0.21%
2019/9/26,"1,199.46","1,199.82","1,202.91","1,197.52",0.05%
2019/9/25,"1,198.82","1,195.53","1,202.29","1,194.38",0.36%
2019/9/24,"1,194.53","1,195.04","1,198.54","1,191.99",0.04%
2019/9/23,"1,194.04","1,194.14","1,199.40","1,190.49",0.08%
2019/9/20,"1,193.13","1,195.35","1,195.86","1,186.85",-0.10%
2019/9/19,"1,194.35","1,191.78","1,197.33","1,190.12",0.30%
2019/9/18,"1,190.73","1,187.62","1,194.74","1,186.52",0.35%
2019/9/17,"1,186.62","1,185.02","1,191.65","1,183.59",0.22%
2019/9/16,"1,184.02","1,181.65","1,186.20","1,181.56",0.45%
2019/9/13,"1,178.72","1,182.44","1,184.46","1,175.31",-0.23%
2019/9/12,"1,181.44","1,190.68","1,191.41","1,177.55",-0.69%
2019/9/11,"1,189.68","1,191.51","1,195.16","1,188.67",-0.14%
2019/9/10,"1,191.35","1,192.93","1,194.20","1,189.04",-0.05%
2019/9/9,"1,191.93","1,192.62","1,195.36","1,188.77",0.01%
2019/9/6,"1,191.77","1,198.03","1,199.30","1,189.46",-0.48%
2019/9/5,"1,197.52","1,204.64","1,205.54","1,195.86",-0.51%
2019/9/4,"1,203.63","1,211.54","1,212.27","1,203.21",-0.57%
2019/9/3,"1,210.54","1,214.67","1,217.50","1,210.78",-0.25%
2019/9/2,"1,213.61","1,209.77","1,215.14","1,209.36",0.34%
2019/8/30,"1,209.50","1,209.12","1,212.05","1,206.24",0.11%
2019/8/29,"1,208.12","1,213.29","1,217.39","1,207.76",-0.34%
2019/8/28,"1,212.29","1,212.74","1,215.94","1,211.52",0.05%
2019/8/27,"1,211.74","1,212.74","1,215.85","1,210.25",0.00%
2019/8/26,"1,211.74","1,213.65","1,220.70","1,212.10",-0.08%
2019/8/23,"1,212.66","1,210.43","1,217.89","1,206.81",0.27%
2019/8/22,"1,209.42","1,202.49","1,212.36","1,201.98",0.66%
2019/8/21,"1,201.44","1,206.40","1,210.03","1,198.69",-0.33%
2019/8/20,"1,205.40","1,212.62","1,214.20","1,205.40",-0.51%
2019/8/19,"1,211.62","1,208.49","1,213.98","1,208.19",0.34%
2019/8/16,"1,207.47","1,213.33","1,215.95","1,205.06",-0.40%
2019/8/15,"1,212.33","1,216.86","1,219.48","1,212.45",-0.29%
2019/8/14,"1,215.86","1,206.64","1,218.95","1,206.05",0.85%
2019/8/13,"1,205.64","1,219.14","1,224.55","1,205.64",-1.03%
2019/8/12,"1,218.14","1,214.44","1,220.70","1,213.57",0.39%
2019/8/9,"1,213.45","1,208.08","1,217.28","1,207.15",0.53%
2019/8/8,"1,207.08","1,213.02","1,216.46","1,206.16",-0.48%
2019/8/7,"1,212.87","1,213.43","1,220.22","1,211.45",0.04%
2019/8/6,"1,212.43","1,218.33","1,220.74","1,208.90",-0.40%
2019/8/5,"1,217.33","1,204.94","1,221.29","1,202.40",1.06%
2019/8/2,"1,204.51","1,196.38","1,208.03","1,191.35",0.76%
2019/8/1,"1,195.38","1,188.32","1,198.32","1,185.88",0.68%
2019/7/31,"1,187.32","1,181.14","1,189.35","1,179.88",0.52%
2019/7/30,"1,181.14","1,183.71","1,184.71","1,179.38",-0.13%
2019/7/29,"1,182.71","1,184.21","1,185.95","1,180.38",-0.04%
2019/7/26,"1,183.24","1,184.16","1,186.65","1,181.75",0.01%
2019/7/25,"1,183.16","1,178.41","1,185.35","1,177.09",0.49%
2019/7/24,"1,177.41","1,179.90","1,181.03","1,176.30",-0.13%
2019/7/23,"1,178.89","1,176.87","1,180.80","1,175.31",0.26%
2019/7/22,"1,175.87","1,176.11","1,179.45","1,175.07",0.06%
2019/7/19,"1,175.11","1,172.78","1,176.83","1,169.85",0.28%
2019/7/18,"1,171.78","1,180.62","1,184.07","1,172.29",-0.66%
2019/7/17,"1,179.62","1,179.70","1,182.72","1,177.60",0.03%
2019/7/16,"1,179.21","1,180.41","1,182.52","1,176.22",-0.02%
2019/7/15,"1,179.41","1,177.41","1,182.25","1,176.81",0.26%
2019/7/12,"1,176.32","1,175.16","1,180.27","1,173.77",0.18%
2019/7/11,"1,174.16","1,176.57","1,178.24","1,169.94",-0.12%
2019/7/10,"1,175.57","1,183.22","1,183.48","1,175.18",-0.56%
2019/7/9,"1,182.22","1,180.92","1,184.45","1,178.07",0.19%
2019/7/8,"1,179.94","1,175.02","1,182.58","1,174.63",0.46%
2019/7/5,"1,174.59","1,168.34","1,176.13","1,167.52",0.62%
2019/7/4,"1,167.34","1,170.72","1,171.74","1,166.90",-0.20%
2019/7/3,"1,169.72","1,167.47","1,172.92","1,165.60",0.28%
2019/7/2,"1,166.47","1,161.77","1,168.61","1,160.32",0.49%
2019/7/1,"1,160.77","1,156.43","1,165.06","1,148.70",0.47%
2019/6/28,"1,155.38","1,157.15","1,159.06","1,153.84",-0.14%
2019/6/27,"1,157.00","1,154.53","1,159.03","1,153.05",0.29%
2019/6/26,"1,153.67","1,156.17","1,160.72","1,151.89",-0.13%
2019/6/25,"1,155.17","1,154.67","1,157.27","1,152.68",0.13%
2019/6/24,"1,153.67","1,159.31","1,161.36","1,154.05",-0.39%
2019/6/21,"1,158.20","1,159.42","1,164.80","1,156.68",-0.03%
2019/6/20,"1,158.52","1,172.48","1,173.94","1,156.15",-1.11%
2019/6/19,"1,171.48","1,174.87","1,178.96","1,171.35",-0.20%
2019/6/18,"1,173.87","1,185.45","1,188.01","1,173.44",-0.99%
2019/6/17,"1,185.55","1,186.89","1,188.33","1,184.63",-0.10%
2019/6/14,"1,186.78","1,183.32","1,188.40","1,181.63",0.38%
2019/6/13,"1,182.32","1,183.53","1,187.56","1,181.35",-0.09%
2019/6/12,"1,183.35","1,179.21","1,185.28","1,177.99",0.44%
2019/6/11,"1,178.21","1,184.02","1,186.06","1,178.23",-0.41%
2019/6/10,"1,183.02","1,181.76","1,188.04","1,180.05",0.17%
2019/6/7,"1,181.07","1,178.67","1,186.88","1,177.23",0.29%
2019/6/6,"1,177.67","1,180.84","1,182.55","1,177.91",-0.18%
2019/6/5,"1,179.84","1,178.11","1,182.98","1,173.89",0.19%
2019/6/4,"1,177.56","1,179.72","1,184.88","1,177.16",-0.12%
2019/6/3,"1,178.92","1,188.80","1,191.20","1,178.28",-0.75%
2019/5/31,"1,187.80","1,189.73","1,193.79","1,188.03",-0.08%
2019/5/30,"1,188.73","1,194.03","1,194.82","1,187.33",-0.36%
2019/5/29,"1,193.03","1,188.94","1,196.75","1,187.22",0.43%
2019/5/28,"1,187.94","1,184.54","1,190.36","1,182.84",0.37%
2019/5/27,"1,183.55","1,185.65","1,187.38","1,182.10",-0.10%
2019/5/24,"1,184.77","1,189.80","1,191.72","1,185.07",-0.34%
2019/5/23,"1,188.80","1,190.76","1,194.68","1,188.00",-0.13%
2019/5/22,"1,190.37","1,192.78","1,197.09","1,187.85",-0.12%
2019/5/21,"1,191.78","1,194.74","1,196.81","1,191.24",-0.21%
2019/5/20,"1,194.23","1,194.83","1,195.46","1,190.94",0.04%
2019/5/17,"1,193.73","1,192.33","1,196.46","1,189.01",0.20%
2019/5/16,"1,191.33","1,186.79","1,193.69","1,186.22",0.47%
2019/5/15,"1,185.79","1,187.82","1,192.28","1,185.73",-0.09%
2019/5/14,"1,186.82","1,188.78","1,190.21","1,184.43",-0.08%
2019/5/13,"1,187.78","1,175.20","1,190.75","1,175.20",1.16%
2019/5/10,"1,174.20","1,180.09","1,183.47","1,173.38",-0.41%
2019/5/9,"1,179.09","1,173.11","1,186.28","1,170.85",0.60%
2019/5/8,"1,172.10","1,172.34","1,173.81","1,167.55",-0.01%
2019/5/7,"1,172.22","1,169.15","1,174.40","1,165.95",0.35%
2019/5/6,"1,168.15","1,164.34","1,174.32","1,164.33",0.38%
2019/5/3,"1,163.68","1,167.06","1,172.10","1,163.90",-0.21%
2019/5/2,"1,166.16","1,165.73","1,168.52","1,160.58",0.12%
2019/5/1,"1,164.73","1,164.25","1,166.31","1,160.25",0.13%
2019/4/30,"1,163.25","1,159.89","1,169.69","1,158.64",0.38%
2019/4/29,"1,158.88","1,158.73","1,161.69","1,156.59",0.08%
2019/4/26,"1,157.90","1,160.01","1,162.75","1,156.25",-0.10%
2019/4/25,"1,159.01","1,156.05","1,166.09","1,155.78",0.34%
2019/4/24,"1,155.05","1,143.06","1,158.35","1,142.34",1.13%
2019/4/23,"1,142.11","1,140.99","1,145.53","1,138.84",0.19%
2019/4/22,"1,139.99","1,135.79","1,143.16","1,135.43",0.39%
2019/4/19,"1,135.58","1,137.11","1,138.09","1,135.44",-0.09%
2019/4/18,"1,136.61","1,132.28","1,138.81","1,131.68",0.47%
2019/4/17,"1,131.28","1,137.69","1,138.16","1,131.40",-0.48%
2019/4/16,"1,136.69","1,135.10","1,138.36","1,133.72",0.23%
2019/4/15,"1,134.10","1,134.72","1,136.28","1,131.66",0.03%
2019/4/12,"1,133.72","1,141.96","1,143.22","1,132.38",-0.63%
2019/4/11,"1,140.96","1,137.97","1,142.47","1,137.00",0.35%
2019/4/10,"1,136.97","1,141.08","1,144.43","1,136.73",-0.27%
2019/4/9,"1,140.08","1,142.11","1,144.23","1,138.72",-0.17%
2019/4/8,"1,141.98","1,137.55","1,146.91","1,136.10",0.47%
2019/4/5,"1,136.69","1,136.33","1,139.02","1,134.93",0.08%
2019/4/4,"1,135.83","1,134.67","1,138.98","1,133.08",0.19%
2019/4/3,"1,133.67","1,137.40","1,138.30","1,132.67",-0.29%
2019/4/2,"1,136.92","1,133.72","1,138.91","1,132.00",0.28%
2019/4/1,"1,133.72","1,137.02","1,137.96","1,131.42",-0.32%
2019/3/29,"1,137.40","1,136.00","1,138.79","1,135.20",0.13%
2019/3/28,"1,135.95","1,139.24","1,140.42","1,135.50",-0.29%
2019/3/27,"1,139.24","1,135.87","1,139.94","1,133.85",0.30%
2019/3/26,"1,135.87","1,132.86","1,136.55","1,130.90",0.27%
2019/3/25,"1,132.86","1,135.82","1,137.30","1,132.00",-0.29%
2019/3/22,"1,136.11","1,128.41","1,138.74","1,127.93",0.68%
2019/3/21,"1,128.41","1,126.05","1,130.87","1,124.51",0.21%
2019/3/20,"1,126.05","1,130.89","1,132.90","1,123.70",-0.43%
2019/3/19,"1,130.96","1,132.52","1,134.30","1,128.60",-0.14%
2019/3/18,"1,132.52","1,135.05","1,137.43","1,131.00",-0.28%
2019/3/15,"1,135.70","1,136.42","1,140.31","1,132.45",-0.06%
2019/3/14,"1,136.42","1,130.50","1,137.79","1,129.90",0.52%
2019/3/13,"1,130.50","1,128.44","1,134.66","1,127.50",0.18%
2019/3/12,"1,128.44","1,131.77","1,132.69","1,127.40",-0.29%
2019/3/11,"1,131.77","1,134.10","1,137.40","1,131.10",-0.19%
2019/3/8,"1,133.90","1,134.87","1,138.03","1,132.16",-0.09%
2019/3/7,"1,134.87","1,128.38","1,135.90","1,126.80",0.58%
2019/3/6,"1,128.38","1,125.81","1,130.77","1,125.50",0.23%
2019/3/5,"1,125.81","1,126.46","1,129.48","1,125.28",-0.06%
2019/3/4,"1,126.46","1,127.66","1,128.36","1,123.75",-0.11%
2019/3/1,"1,127.67","1,125.60","1,128.22","1,124.10",0.16%
2019/2/28,"1,125.90","1,118.50","1,126.77","1,117.10",0.69%
2019/2/27,"1,118.22","1,115.61","1,120.91","1,114.90",0.23%
2019/2/26,"1,115.61","1,116.06","1,120.22","1,114.64",-0.04%
2019/2/25,"1,116.06","1,123.31","1,124.31","1,115.50",-0.62%
2019/2/22,"1,122.99","1,125.63","1,127.70","1,121.20",-0.23%
2019/2/21,"1,125.63","1,123.22","1,127.45","1,122.00",0.21%
2019/2/20,"1,123.22","1,122.92","1,125.24","1,120.80",0.03%
2019/2/19,"1,122.92","1,126.10","1,129.52","1,122.50",-0.31%
2019/2/18,"1,126.40","1,126.44","1,127.73","1,123.30",0.00%
2019/2/15,"1,126.44","1,126.40","1,130.87","1,125.70",0.00%
2019/2/14,"1,126.40","1,125.59","1,129.58","1,123.80",0.07%
2019/2/13,"1,125.59","1,121.29","1,126.20","1,119.90",0.38%
2019/2/12,"1,121.29","1,125.99","1,128.17","1,120.80",-0.42%
2019/2/11,"1,125.99","1,124.05","1,127.78","1,122.76",0.13%
2019/2/8,"1,124.50","1,124.81","1,127.92","1,121.30",-0.03%
2019/2/7,"1,124.81","1,121.80","1,127.25","1,120.40",0.27%
2019/2/6,"1,121.80","1,117.57","1,122.39","1,117.20",0.41%
2019/2/5,"1,117.27","1,119.86","1,122.41","1,116.80",-0.23%
2019/2/4,"1,119.86","1,119.00","1,123.39","1,118.40",0.04%
2019/2/1,"1,119.40","1,112.40","1,120.31","1,111.60",0.63%
2019/1/31,"1,112.40","1,111.04","1,114.67","1,109.50",0.12%
2019/1/30,"1,111.04","1,118.01","1,119.74","1,109.40",-0.62%
2019/1/29,"1,118.01","1,118.87","1,122.50","1,116.30",-0.08%
2019/1/28,"1,118.87","1,118.51","1,120.73","1,115.40",0.01%
2019/1/25,"1,118.78","1,128.75","1,129.82","1,117.30",-0.88%
2019/1/24,"1,128.75","1,126.46","1,131.37","1,125.80",0.20%
2019/1/23,"1,126.46","1,131.77","1,132.77","1,125.80",-0.47%
2019/1/22,"1,131.77","1,133.80","1,134.28","1,128.90",-0.23%
2019/1/21,"1,134.40","1,126.36","1,134.70","1,124.20",0.74%
2019/1/18,"1,126.08","1,122.70","1,126.64","1,120.80",0.30%
2019/1/17,"1,122.70","1,120.78","1,125.35","1,119.81",0.17%
2019/1/16,"1,120.78","1,122.50","1,125.22","1,118.78",-0.18%
2019/1/15,"1,122.85","1,122.15","1,125.29","1,118.82",0.09%
2019/1/14,"1,121.80","1,118.53","1,124.92","1,118.30",0.32%
2019/1/11,"1,118.23","1,117.79","1,120.72","1,113.30",0.04%
2019/1/10,"1,117.79","1,118.18","1,123.07","1,116.30",-0.03%
2019/1/9,"1,118.18","1,122.83","1,125.58","1,117.10",-0.41%
2019/1/8,"1,122.83","1,117.66","1,126.90","1,116.80",0.46%
2019/1/7,"1,117.66","1,116.10","1,121.44","1,114.90",0.07%
2019/1/4,"1,116.85","1,125.89","1,128.92","1,115.70",-0.80%
2019/1/3,"1,125.89","1,120.12","1,131.05","1,119.20",0.52%
2019/1/2,"1,120.12","1,113.70","1,122.91","1,113.70",0.66%
2019/1/1,"1,112.83","1,114.30","1,114.95","1,112.69",-0.13%
2018/12/31,"1,114.30","1,117.05","1,117.70","1,110.80",-0.25%
2018/12/28,"1,117.05","1,120.08","1,122.42","1,113.80",-0.27%
2018/12/27,"1,120.08","1,124.66","1,124.66","1,118.90",-0.32%
2018/12/26,"1,123.66","1,123.36","1,127.81","1,122.38",-0.15%
2018/12/25,"1,125.40","1,125.17","1,126.82","1,123.20",0.05%
2018/12/24,"1,124.87","1,129.00","1,129.71","1,123.90",-0.37%
2018/12/21,"1,129.04","1,122.76","1,129.88","1,119.89",0.56%
2018/12/20,"1,122.78","1,129.71","1,131.95","1,120.80",-0.61%
2018/12/19,"1,129.71","1,127.53","1,130.05","1,121.16",0.19%
2018/12/18,"1,127.53","1,129.20","1,132.90","1,126.40",-0.18%
2018/12/17,"1,129.55","1,132.73","1,134.15","1,128.75",-0.28%
2018/12/14,"1,132.70","1,125.55","1,135.89","1,124.60",0.64%
2018/12/13,"1,125.55","1,124.82","1,127.52","1,121.39",0.06%
2018/12/12,"1,124.82","1,129.53","1,130.60","1,123.40",-0.42%
2018/12/11,"1,129.53","1,128.54","1,132.60","1,126.50",0.10%
2018/12/10,"1,128.37","1,124.89","1,131.27","1,122.65",0.31%
2018/12/7,"1,124.85","1,118.70","1,126.50","1,116.60",0.55%
2018/12/6,"1,118.70","1,114.16","1,123.90","1,112.30",0.41%
2018/12/5,"1,114.16","1,111.51","1,117.00","1,110.80",0.24%
2018/12/4,"1,111.51","1,109.54","1,114.40","1,104.70",0.18%
2018/12/3,"1,109.54","1,120.56","1,120.62","1,108.65",-0.97%
2018/11/30,"1,120.44","1,117.55","1,124.07","1,117.20",0.26%
2018/11/29,"1,117.55","1,123.48","1,125.09","1,116.60",-0.53%
2018/11/28,"1,123.48","1,130.51","1,132.72","1,122.30",-0.62%
2018/11/27,"1,130.51","1,129.79","1,131.83","1,127.50",0.06%
2018/11/26,"1,129.79","1,133.50","1,134.50","1,126.60",-0.33%
2018/11/23,"1,133.50","1,130.00","1,134.44","1,128.80",0.12%
2018/11/22,"1,132.10","1,128.42","1,132.60","1,128.00",0.35%
2018/11/21,"1,128.12","1,130.25","1,134.71","1,127.10",-0.19%
2018/11/20,"1,130.25","1,126.13","1,131.34","1,125.83",0.41%
2018/11/19,"1,125.68","1,121.24","1,131.46","1,121.06",0.38%
2018/11/16,"1,121.40","1,127.93","1,133.41","1,119.50",-0.58%
2018/11/15,"1,127.93","1,132.70","1,134.72","1,125.02",-0.42%
2018/11/14,"1,132.70","1,132.34","1,137.93","1,129.38",0.11%
2018/11/13,"1,131.49","1,138.50","1,140.82","1,129.70",-0.69%
2018/11/12,"1,139.35","1,130.60","1,141.00","1,129.80",0.77%
2018/11/9,"1,130.69","1,121.68","1,132.70","1,120.40",0.80%
2018/11/8,"1,121.68","1,116.43","1,122.86","1,114.44",0.47%
2018/11/7,"1,116.43","1,121.93","1,126.20","1,116.00",-0.49%
2018/11/6,"1,121.93","1,120.56","1,126.53","1,119.30",0.12%
2018/11/5,"1,120.56","1,118.33","1,126.12","1,116.60",0.22%
2018/11/2,"1,118.10","1,125.26","1,130.20","1,111.20",-0.55%
2018/11/1,"1,124.31","1,141.18","1,142.07","1,122.04",-1.55%
2018/10/31,"1,142.02","1,139.69","1,143.56","1,137.80",0.20%
2018/10/30,"1,139.69","1,143.74","1,145.10","1,137.10",-0.35%
2018/10/29,"1,143.74","1,141.10","1,145.08","1,136.80",0.30%
2018/10/26,"1,140.28","1,137.38","1,145.70","1,135.63",0.25%
2018/10/25,"1,137.38","1,139.86","1,141.65","1,134.40",-0.22%
2018/10/24,"1,139.86","1,135.78","1,140.63","1,129.40",0.36%
2018/10/23,"1,135.78","1,133.25","1,140.48","1,131.80",0.22%
2018/10/22,"1,133.25","1,131.70","1,136.63","1,127.80",0.10%
2018/10/19,"1,132.15","1,138.60","1,140.89","1,129.20",-0.57%
2018/10/18,"1,138.60","1,128.53","1,140.16","1,127.70",0.89%
2018/10/17,"1,128.53","1,123.79","1,129.47","1,122.70",0.47%
2018/10/16,"1,123.24","1,131.05","1,135.47","1,121.38",-0.76%
2018/10/15,"1,131.87","1,131.50","1,135.70","1,127.10",0.05%
2018/10/12,"1,131.30","1,135.55","1,138.00","1,129.90",-0.37%
2018/10/11,"1,135.55","1,143.30","1,147.26","1,133.80",-0.68%
2018/10/10,"1,143.30","1,132.12","1,144.56","1,130.14",0.99%
2018/10/9,"1,132.12","1,134.63","1,139.18","1,131.59",-0.22%
2018/10/8,"1,134.63","1,131.84","1,139.78","1,129.80",0.22%
2018/10/5,"1,132.13","1,133.53","1,134.30","1,127.80",-0.12%
2018/10/4,"1,133.53","1,125.50","1,134.57","1,125.00",0.71%
2018/10/3,"1,125.50","1,119.43","1,126.48","1,117.36",0.62%
2018/10/2,"1,118.51","1,112.93","1,121.86","1,111.88",0.43%
2018/10/1,"1,113.76","1,110.00","1,114.63","1,109.10",0.33%
2018/9/28,"1,110.15","1,113.99","1,114.67","1,106.82",-0.36%
2018/9/27,"1,114.15","1,115.51","1,116.64","1,109.13",-0.13%
2018/9/26,"1,115.55","1,117.06","1,118.36","1,111.46",-0.21%
2018/9/25,"1,117.88","1,120.12","1,121.01","1,117.30",-0.20%
2018/9/24,"1,120.12","1,115.30","1,121.97","1,114.60",0.46%
2018/9/21,"1,114.95","1,117.13","1,119.90","1,113.10",-0.20%
2018/9/20,"1,117.13","1,118.95","1,123.70","1,117.00",-0.16%
2018/9/19,"1,118.95","1,122.82","1,126.10","1,118.60",-0.34%
2018/9/18,"1,122.82","1,126.33","1,131.10","1,122.20",-0.31%
2018/9/17,"1,126.33","1,122.00","1,130.31","1,121.10",0.42%
2018/9/14,"1,121.66","1,120.83","1,123.08","1,116.40",0.15%
2018/9/13,"1,120.01","1,119.42","1,126.59","1,116.97",-0.02%
2018/9/12,"1,120.25","1,123.99","1,130.65","1,117.10",-0.33%
2018/9/11,"1,123.99","1,129.60","1,131.60","1,123.70",-0.52%
2018/9/10,"1,129.90","1,128.60","1,132.14","1,126.70",0.12%
2018/9/7,"1,128.57","1,122.75","1,129.18","1,121.30",0.58%
2018/9/6,"1,122.06","1,119.02","1,124.96","1,116.59",0.20%
2018/9/5,"1,119.84","1,118.36","1,126.64","1,114.28",0.13%
2018/9/4,"1,118.36","1,112.10","1,122.49","1,111.90",0.56%
2018/9/3,"1,112.10","1,115.65","1,118.74","1,109.56",-0.32%
2018/8/31,"1,115.63","1,113.96","1,118.45","1,111.58",0.08%
2018/8/30,"1,114.79","1,111.18","1,116.19","1,107.53",0.37%
2018/8/29,"1,110.64","1,108.30","1,115.33","1,106.90",0.21%
2018/8/28,"1,108.30","1,108.80","1,112.84","1,104.50",-0.07%
2018/8/27,"1,109.05","1,114.75","1,117.19","1,107.65",-0.49%
2018/8/24,"1,114.51","1,123.80","1,126.74","1,112.17",-0.90%
2018/8/23,"1,124.62","1,117.76","1,125.43","1,117.30",0.61%
2018/8/22,"1,117.76","1,117.28","1,121.55","1,116.10",0.10%
2018/8/21,"1,116.61","1,117.35","1,120.33","1,114.38",-0.14%
2018/8/20,"1,118.17","1,119.40","1,124.72","1,117.60",-0.14%
2018/8/17,"1,119.69","1,127.35","1,128.32","1,117.58",-0.67%
2018/8/16,"1,127.25","1,133.97","1,137.55","1,123.90",-0.59%
2018/8/15,"1,133.97","1,128.21","1,139.07","1,127.10",0.51%
2018/8/14,"1,128.21","1,137.00","1,137.60","1,127.40",-0.77%
2018/8/13,"1,137.00","1,130.00","1,138.93","1,129.40",0.60%
2018/8/10,"1,130.17","1,123.40","1,133.00","1,122.60",0.58%
2018/8/9,"1,123.70","1,118.17","1,124.68","1,116.80",0.58%
2018/8/8,"1,117.26","1,117.12","1,121.60","1,116.08",-0.06%
2018/8/7,"1,117.94","1,126.70","1,128.55","1,117.10",-0.78%
2018/8/6,"1,126.70","1,123.20","1,128.50","1,122.25",0.30%
2018/8/3,"1,123.34","1,128.21","1,131.42","1,121.35",-0.43%
2018/8/2,"1,128.21","1,119.49","1,131.98","1,118.82",0.78%
2018/8/1,"1,119.49","1,113.25","1,123.29","1,112.60",0.56%
2018/7/31,"1,113.25","1,118.73","1,121.60","1,110.60",-0.41%
2018/7/30,"1,117.81","1,114.97","1,120.83","1,113.28",0.17%
2018/7/27,"1,115.89","1,124.62","1,125.94","1,114.87",-0.76%
2018/7/26,"1,124.38","1,117.65","1,124.77","1,116.47",0.59%
2018/7/25,"1,117.79","1,127.55","1,131.13","1,117.46",-0.85%
2018/7/24,"1,127.41","1,134.09","1,138.30","1,126.03",-0.60%
2018/7/23,"1,134.19","1,128.12","1,138.26","1,126.48",0.56%
2018/7/20,"1,127.90","1,135.39","1,139.70","1,127.48",-0.67%
2018/7/19,"1,135.55","1,131.32","1,141.56","1,128.95",0.39%
2018/7/18,"1,131.16","1,127.00","1,134.90","1,125.99",0.37%
2018/7/17,"1,127.00","1,128.64","1,129.20","1,122.65",-0.13%
2018/7/16,"1,128.46","1,129.82","1,131.12","1,125.26",-0.15%
2018/7/13,"1,130.14","1,124.72","1,135.12","1,122.42",0.49%
2018/7/12,"1,124.58","1,128.23","1,131.10","1,122.30",-0.32%
2018/7/11,"1,128.23","1,114.43","1,130.29","1,113.17",1.26%
2018/7/10,"1,114.22","1,113.12","1,118.48","1,109.39",0.08%
2018/7/9,"1,113.32","1,115.44","1,116.80","1,109.83",-0.20%
2018/7/6,"1,115.52","1,119.15","1,122.22","1,114.24",-0.34%
2018/7/5,"1,119.33","1,116.25","1,122.13","1,114.90",0.26%
2018/7/4,"1,116.40","1,115.14","1,119.06","1,112.84",0.13%
2018/7/3,"1,114.99","1,118.88","1,125.40","1,112.58",-0.35%
2018/7/2,"1,118.88","1,115.01","1,122.45","1,113.90",0.34%
2018/6/29,"1,115.04","1,121.63","1,122.42","1,111.06",-0.56%
2018/6/28,"1,121.35","1,123.24","1,125.82","1,119.42",-0.20%
2018/6/27,"1,123.57","1,118.66","1,126.33","1,115.96",0.45%
2018/6/26,"1,118.52","1,115.47","1,121.02","1,113.46",0.27%
2018/6/25,"1,115.47","1,111.90","1,119.22","1,110.39",0.31%
2018/6/22,"1,112.00","1,110.55","1,115.80","1,106.35",0.13%
2018/6/21,"1,110.55","1,109.98","1,114.98","1,105.58",0.05%
2018/6/20,"1,109.98","1,111.89","1,113.56","1,104.47",-0.17%
2018/6/19,"1,111.89","1,103.51","1,117.45","1,102.80",0.76%
2018/6/18,"1,103.51","1,102.79","1,107.41","1,100.80",0.01%
2018/6/15,"1,103.42","1,089.15","1,104.70","1,087.62",1.31%
2018/6/14,"1,089.15","1,086.17","1,090.03","1,081.42",0.29%
2018/6/13,"1,086.03","1,081.68","1,088.81","1,079.70",0.39%
2018/6/12,"1,081.84","1,076.88","1,082.47","1,072.90",0.46%
2018/6/11,"1,076.88","1,075.00","1,077.74","1,072.12",0.18%
2018/6/8,"1,074.93","1,072.61","1,078.85","1,070.74",0.26%
2018/6/7,"1,072.19","1,066.63","1,074.20","1,065.54",0.50%
2018/6/6,"1,066.88","1,071.79","1,072.29","1,065.85",-0.47%
2018/6/5,"1,071.95","1,070.33","1,073.47","1,067.40",0.14%
2018/6/4,"1,070.48","1,072.26","1,073.36","1,068.23",-0.13%
2018/6/1,"1,071.88","1,080.74","1,081.46","1,071.31",-0.81%
2018/5/31,"1,080.59","1,076.79","1,083.00","1,074.34",0.32%
2018/5/30,"1,077.10","1,084.67","1,085.64","1,076.95",-0.67%
2018/5/29,"1,084.37","1,075.41","1,086.29","1,073.89",0.85%
2018/5/28,"1,075.24","1,078.18","1,078.18","1,071.39",-0.29%
2018/5/25,"1,078.38","1,081.69","1,083.20","1,075.31",-0.31%
2018/5/24,"1,081.69","1,077.25","1,086.05","1,075.33",0.41%
2018/5/23,"1,077.25","1,076.54","1,083.95","1,074.87",0.07%
2018/5/22,"1,076.54","1,077.55","1,079.77","1,073.41",-0.11%
2018/5/21,"1,077.69","1,081.43","1,087.82","1,077.54",-0.34%
2018/5/18,"1,081.37","1,082.61","1,086.30","1,076.55",-0.11%
2018/5/17,"1,082.59","1,077.52","1,083.78","1,076.27",0.45%
2018/5/16,"1,077.74","1,081.01","1,084.50","1,076.59",-0.28%
2018/5/15,"1,080.82","1,070.95","1,082.49","1,069.36",0.92%
2018/5/14,"1,070.94","1,067.78","1,071.26","1,064.77",0.28%
2018/5/11,"1,067.98","1,065.79","1,071.30","1,064.79",0.20%
2018/5/10,"1,065.80","1,079.48","1,081.51","1,064.43",-1.26%
2018/5/9,"1,079.38","1,078.43","1,083.73","1,076.37",0.08%
2018/5/8,"1,078.56","1,080.04","1,081.54","1,075.88",-0.14%
2018/5/7,"1,080.03","1,074.44","1,082.76","1,073.12",0.55%
2018/5/4,"1,074.11","1,075.56","1,079.50","1,073.45",-0.13%
2018/5/3,"1,075.56","1,079.85","1,080.36","1,073.09",-0.40%
2018/5/2,"1,079.85","1,073.48","1,080.11","1,072.79",0.59%
2018/5/1,"1,073.48","1,070.33","1,075.19","1,069.38",0.28%
2018/4/30,"1,070.45","1,067.52","1,071.71","1,066.01",0.24%
2018/4/27,"1,067.86","1,077.69","1,079.72","1,067.21",-0.91%
2018/4/26,"1,077.69","1,082.34","1,082.92","1,076.46",-0.42%
2018/4/25,"1,082.21","1,077.28","1,085.31","1,075.41",0.46%
2018/4/24,"1,077.28","1,081.23","1,081.62","1,074.90",-0.36%
2018/4/23,"1,081.20","1,071.20","1,082.19","1,067.63",0.94%
2018/4/20,"1,071.10","1,067.21","1,073.79","1,065.94",0.36%
2018/4/19,"1,067.21","1,065.12","1,068.54","1,059.73",0.20%
2018/4/18,"1,065.12","1,067.11","1,069.80","1,063.83",-0.19%
2018/4/17,"1,067.12","1,070.68","1,071.31","1,066.39",-0.33%
2018/4/16,"1,070.68","1,071.68","1,076.00","1,070.15",-0.09%
2018/4/13,"1,071.68","1,071.03","1,072.99","1,068.24",0.06%
2018/4/12,"1,071.04","1,066.80","1,074.01","1,065.51",0.40%
2018/4/11,"1,066.82","1,064.81","1,070.25","1,064.30",0.19%
2018/4/10,"1,064.82","1,069.71","1,072.81","1,063.90",-0.46%
2018/4/9,"1,069.71","1,070.81","1,072.06","1,065.23",-0.10%
2018/4/6,"1,070.76","1,062.63","1,072.78","1,062.35",0.77%
2018/4/5,"1,062.63","1,058.28","1,064.20","1,057.41",0.41%
2018/4/4,"1,058.28","1,054.94","1,066.45","1,054.63",0.32%
2018/4/3,"1,054.94","1,057.16","1,060.10","1,054.10",-0.21%
2018/4/2,"1,057.16","1,060.56","1,063.06","1,053.00",-0.39%
2018/3/30,"1,061.26","1,063.08","1,066.70","1,060.80",-0.17%
2018/3/29,"1,063.08","1,064.56","1,068.81","1,061.09",-0.14%
2018/3/28,"1,064.56","1,075.13","1,075.61","1,063.18",-0.98%
2018/3/27,"1,075.13","1,075.59","1,076.81","1,067.97",-0.05%
2018/3/26,"1,075.69","1,084.30","1,084.55","1,075.19",-0.75%
2018/3/23,"1,083.87","1,081.21","1,086.53","1,076.39",0.25%
2018/3/22,"1,081.21","1,065.15","1,081.79","1,064.71",1.54%
2018/3/21,"1,064.76","1,071.52","1,073.56","1,064.02",-0.67%
2018/3/20,"1,071.91","1,073.49","1,074.20","1,068.37",-0.15%
2018/3/19,"1,073.49","1,070.54","1,074.81","1,069.66",0.28%
2018/3/16,"1,070.53","1,069.77","1,072.60","1,065.40",0.07%
2018/3/15,"1,069.78","1,064.56","1,070.46","1,062.95",0.49%
2018/3/14,"1,064.55","1,066.87","1,069.60","1,061.61",-0.22%
2018/3/13,"1,066.88","1,065.03","1,068.90","1,062.10",0.17%
2018/3/12,"1,065.02","1,065.19","1,068.05","1,063.39",-0.03%
2018/3/9,"1,065.38","1,074.11","1,074.57","1,065.08",-0.81%
2018/3/8,"1,074.11","1,067.43","1,076.05","1,066.80",0.63%
2018/3/7,"1,067.43","1,063.96","1,071.49","1,063.80",0.33%
2018/3/6,"1,063.96","1,077.67","1,078.98","1,060.47",-1.27%
2018/3/5,"1,077.67","1,079.59","1,083.49","1,076.81",-0.19%
2018/3/2,"1,079.69","1,082.84","1,085.84","1,077.04",-0.29%
2018/3/1,"1,082.84","1,085.21","1,088.58","1,080.98",-0.22%
2018/2/28,"1,085.21","1,081.45","1,085.38","1,079.43",0.35%
2018/2/27,"1,081.45","1,070.67","1,081.91","1,068.80",1.01%
2018/2/26,"1,070.67","1,076.99","1,078.11","1,069.33",-0.59%
2018/2/23,"1,077.00","1,080.72","1,082.40","1,075.52",-0.34%
2018/2/22,"1,080.72","1,076.01","1,086.40","1,075.75",0.44%
2018/2/21,"1,076.02","1,074.91","1,078.11","1,070.93",0.10%
2018/2/20,"1,074.91","1,067.41","1,075.95","1,067.33",0.70%
2018/2/19,"1,067.41","1,066.61","1,070.61","1,065.76",0.02%
2018/2/16,"1,067.19","1,064.04","1,069.39","1,061.86",0.29%
2018/2/15,"1,064.14","1,070.91","1,073.29","1,063.05",-0.63%
2018/2/14,"1,070.91","1,085.06","1,086.34","1,070.57",-1.30%
2018/2/13,"1,085.05","1,082.61","1,087.57","1,080.65",0.23%
2018/2/12,"1,082.60","1,084.61","1,087.07","1,081.90",-0.28%
2018/2/9,"1,085.67","1,097.58","1,098.40","1,084.90",-1.09%
2018/2/8,"1,097.58","1,090.24","1,098.93","1,085.58",0.67%
2018/2/7,"1,090.24","1,080.06","1,090.57","1,079.52",0.94%
2018/2/6,"1,080.06","1,095.13","1,099.40","1,078.72",-1.35%
2018/2/5,"1,094.84","1,089.65","1,095.04","1,085.45",0.45%
2018/2/2,"1,089.95","1,071.10","1,090.58","1,070.42",1.78%
2018/2/1,"1,070.94","1,070.12","1,074.90","1,068.72",0.08%
2018/1/31,"1,070.08","1,073.23","1,074.80","1,064.99",-0.29%
2018/1/30,"1,073.23","1,070.95","1,075.63","1,068.54",0.21%
2018/1/29,"1,070.95","1,064.50","1,073.01","1,062.50",0.59%
2018/1/26,"1,064.67","1,066.47","1,067.60","1,061.00",-0.13%
2018/1/25,"1,066.06","1,064.57","1,067.20","1,055.97",0.10%
2018/1/24,"1,064.98","1,073.89","1,074.00","1,062.21",-0.83%
2018/1/23,"1,073.89","1,069.40","1,078.20","1,066.90",0.42%
2018/1/22,"1,069.40","1,067.66","1,071.81","1,066.52",0.16%
2018/1/19,"1,067.66","1,070.18","1,071.26","1,063.97",-0.28%
2018/1/18,"1,070.69","1,067.36","1,072.50","1,066.97",0.31%
2018/1/17,"1,067.36","1,064.65","1,070.93","1,062.87",0.25%
2018/1/16,"1,064.65","1,063.43","1,067.71","1,062.12",0.11%
2018/1/15,"1,063.43","1,056.65","1,065.50","1,055.67",0.32%
2018/1/12,"1,059.99","1,065.58","1,067.39","1,059.78",-0.52%
2018/1/11,"1,065.58","1,070.14","1,074.20","1,063.12",-0.43%
2018/1/10,"1,070.14","1,071.97","1,073.70","1,066.15",-0.17%
2018/1/9,"1,071.97","1,068.87","1,073.95","1,065.62",0.29%
2018/1/8,"1,068.86","1,062.21","1,070.70","1,059.44",0.64%
2018/1/5,"1,062.09","1,061.83","1,064.06","1,060.20",-0.02%
2018/1/4,"1,062.28","1,065.13","1,069.31","1,061.53",-0.24%
2018/1/3,"1,064.80","1,062.88","1,068.16","1,062.48",0.15%
2018/1/2,"1,063.21","1,066.60","1,068.51","1,059.97",-0.32%
2018/1/1,"1,066.60","1,067.38","1,067.80","1,065.61",-0.07%
2017/12/29,"1,067.38","1,070.26","1,071.10","1,063.94",-0.27%
2017/12/28,"1,070.26","1,075.22","1,076.90","1,068.15",-0.46%
2017/12/27,"1,075.22","1,076.12","1,076.90","1,072.98",-0.08%
2017/12/26,"1,076.12","1,076.56","1,079.30","1,074.34",-0.04%
2017/12/25,"1,076.56","1,077.72","1,080.39","1,073.76",-0.11%
2017/12/22,"1,077.74","1,080.54","1,081.90","1,076.15",-0.26%
2017/12/21,"1,080.54","1,080.56","1,083.60","1,078.33",0.00%
2017/12/20,"1,080.56","1,085.67","1,087.20","1,078.42",-0.47%
2017/12/19,"1,085.67","1,086.07","1,089.51","1,082.41",-0.03%
2017/12/18,"1,086.05","1,088.96","1,092.20","1,084.55",-0.27%
2017/12/15,"1,088.95","1,089.22","1,092.11","1,086.59",-0.02%
2017/12/14,"1,089.22","1,084.55","1,091.13","1,084.32",0.43%
2017/12/13,"1,084.56","1,092.89","1,095.31","1,083.76",-0.76%
2017/12/12,"1,092.89","1,088.84","1,093.99","1,087.80",0.37%
2017/12/11,"1,088.84","1,092.85","1,094.60","1,086.14",-0.37%
2017/12/8,"1,092.85","1,093.60","1,096.90","1,091.07",-0.07%
2017/12/7,"1,093.60","1,093.99","1,097.00","1,090.63",-0.04%
2017/12/6,"1,093.99","1,087.60","1,097.28","1,086.10",0.59%
2017/12/5,"1,087.62","1,086.29","1,089.00","1,082.23",0.12%
2017/12/4,"1,086.30","1,083.44","1,090.90","1,083.32",0.26%
2017/12/1,"1,083.47","1,088.13","1,089.70","1,082.21",-0.43%
2017/11/30,"1,088.13","1,082.10","1,091.11","1,080.70",0.56%
2017/11/29,"1,082.10","1,083.95","1,085.90","1,074.71",-0.17%
2017/11/28,"1,083.95","1,091.69","1,091.80","1,078.66",-0.71%
2017/11/27,"1,091.69","1,085.62","1,092.26","1,084.56",0.56%
2017/11/24,"1,085.62","1,083.99","1,087.90","1,083.46",0.15%
2017/11/23,"1,083.99","1,086.07","1,091.51","1,083.45",-0.19%
2017/11/22,"1,086.06","1,091.13","1,094.80","1,085.16",-0.46%
2017/11/21,"1,091.13","1,097.04","1,100.81","1,087.95",-0.54%
2017/11/20,"1,097.04","1,094.33","1,102.31","1,093.57",0.25%
2017/11/17,"1,094.32","1,097.18","1,100.41","1,093.45",-0.26%
2017/11/16,"1,097.18","1,105.69","1,108.20","1,094.17",-0.77%
2017/11/15,"1,105.69","1,115.52","1,117.51","1,102.16",-0.88%
2017/11/14,"1,115.52","1,119.89","1,121.51","1,114.03",-0.39%
2017/11/13,"1,119.89","1,119.60","1,122.80","1,118.81",-0.10%
2017/11/10,"1,120.96","1,119.12","1,121.63","1,115.89",0.23%
2017/11/9,"1,118.36","1,114.23","1,121.23","1,112.69",0.36%
2017/11/8,"1,114.31","1,113.93","1,116.60","1,112.08",0.03%
2017/11/7,"1,113.93","1,112.83","1,116.45","1,110.78",0.10%
2017/11/6,"1,112.84","1,115.90","1,119.81","1,110.94",-0.31%
2017/11/3,"1,116.29","1,112.35","1,117.83","1,110.90",0.35%
2017/11/2,"1,112.35","1,111.51","1,115.50","1,110.21",0.07%
2017/11/1,"1,111.52","1,118.42","1,119.90","1,109.35",-0.62%
2017/10/31,"1,118.42","1,124.78","1,125.15","1,116.02",-0.57%
2017/10/30,"1,124.78","1,125.98","1,127.60","1,123.56",-0.11%
2017/10/27,"1,125.97","1,128.76","1,132.70","1,125.19",-0.25%
2017/10/26,"1,128.75","1,127.81","1,129.49","1,121.92",0.08%
2017/10/25,"1,127.81","1,130.93","1,131.50","1,122.81",-0.28%
2017/10/24,"1,130.93","1,130.85","1,131.73","1,127.30",0.01%
2017/10/23,"1,130.86","1,132.19","1,135.70","1,129.10",-0.13%
2017/10/20,"1,132.31","1,129.01","1,134.50","1,128.45",0.29%
2017/10/19,"1,129.01","1,132.87","1,134.80","1,128.37",-0.34%
2017/10/18,"1,132.88","1,131.21","1,133.91","1,129.28",0.15%
2017/10/17,"1,131.21","1,128.28","1,133.80","1,127.86",0.26%
2017/10/16,"1,128.28","1,127.00","1,130.25","1,125.80",0.14%
2017/10/13,"1,126.67","1,132.89","1,134.60","1,124.84",-0.55%
2017/10/12,"1,132.89","1,132.91","1,137.31","1,130.54",0.00%
2017/10/11,"1,132.91","1,135.21","1,138.50","1,130.89",-0.21%
2017/10/10,"1,135.31","1,143.81","1,144.01","1,131.57",-0.74%
2017/10/9,"1,143.82","1,145.51","1,146.11","1,142.36",-0.13%
2017/10/6,"1,145.32","1,142.41","1,145.85","1,141.38",0.25%
2017/10/5,"1,142.41","1,142.99","1,144.05","1,137.34",-0.05%
2017/10/4,"1,142.99","1,143.24","1,143.91","1,138.35",-0.02%
2017/10/3,"1,143.24","1,146.61","1,149.88","1,141.05",-0.29%
2017/10/2,"1,146.62","1,145.13","1,148.56","1,144.31",0.12%
2017/9/29,"1,145.30","1,146.59","1,147.81","1,141.77",-0.11%
2017/9/28,"1,146.58","1,145.75","1,151.65","1,142.80",0.07%
2017/9/27,"1,145.76","1,137.62","1,146.06","1,137.12",0.72%
2017/9/26,"1,137.62","1,134.80","1,140.68","1,134.66",0.25%
2017/9/25,"1,134.80","1,132.91","1,137.43","1,129.43",0.15%
2017/9/22,"1,133.13","1,132.77","1,140.51","1,130.20",0.03%
2017/9/21,"1,132.76","1,131.79","1,135.76","1,130.90",0.09%
2017/9/20,"1,131.79","1,131.18","1,133.96","1,125.57",0.05%
2017/9/19,"1,131.18","1,129.85","1,132.60","1,127.90",0.12%
2017/9/18,"1,129.86","1,133.76","1,135.56","1,126.02",-0.30%
2017/9/15,"1,133.21","1,134.32","1,137.40","1,128.26",-0.10%
2017/9/14,"1,134.32","1,132.08","1,136.41","1,131.02",0.20%
2017/9/13,"1,132.08","1,128.69","1,133.07","1,125.81",0.30%
2017/9/12,"1,128.69","1,130.34","1,131.90","1,126.76",-0.15%
2017/9/11,"1,130.34","1,132.05","1,135.08","1,126.80",-0.14%
2017/9/8,"1,131.97","1,127.89","1,134.86","1,125.63",0.36%
2017/9/7,"1,127.89","1,132.86","1,132.93","1,126.06",-0.44%
2017/9/6,"1,132.85","1,132.52","1,137.30","1,130.61",0.03%
2017/9/5,"1,132.52","1,133.39","1,134.60","1,128.12",-0.08%
2017/9/4,"1,133.39","1,121.71","1,134.70","1,119.46",1.04%
2017/9/1,"1,121.69","1,124.86","1,125.76","1,118.32",-0.28%
2017/8/31,"1,124.86","1,124.18","1,129.20","1,122.77",0.06%
2017/8/30,"1,124.18","1,124.51","1,125.76","1,121.27",-0.03%
2017/8/29,"1,124.52","1,118.47","1,129.61","1,118.47",0.54%
2017/8/28,"1,118.47","1,121.90","1,122.61","1,118.19",-0.28%
2017/8/25,"1,121.60","1,128.23","1,132.40","1,120.41",-0.59%
2017/8/24,"1,128.23","1,127.57","1,129.50","1,126.41",0.06%
2017/8/23,"1,127.58","1,132.38","1,134.31","1,126.45",-0.42%
2017/8/22,"1,132.38","1,138.71","1,139.40","1,132.16",-0.56%
2017/8/21,"1,138.71","1,139.75","1,140.70","1,136.80",-0.09%
2017/8/18,"1,139.78","1,142.18","1,145.01","1,138.30",-0.24%
2017/8/17,"1,142.50","1,135.60","1,142.68","1,134.45",0.61%
2017/8/16,"1,135.60","1,135.93","1,144.00","1,134.65",-0.03%
2017/8/15,"1,135.93","1,139.41","1,140.15","1,133.27",-0.31%
2017/8/14,"1,139.41","1,142.90","1,143.25","1,136.36",-0.30%
2017/8/11,"1,142.86","1,144.17","1,149.00","1,141.23",-0.11%
2017/8/10,"1,144.17","1,139.40","1,146.61","1,138.02",0.42%
2017/8/9,"1,139.40","1,128.99","1,141.16","1,126.37",0.91%
2017/8/8,"1,129.18","1,127.15","1,129.67","1,123.90",0.18%
2017/8/7,"1,127.15","1,128.65","1,130.10","1,126.41",-0.14%
2017/8/4,"1,128.78","1,128.95","1,130.62","1,123.30",-0.02%
2017/8/3,"1,128.95","1,122.97","1,130.80","1,122.77",0.53%
2017/8/2,"1,122.97","1,121.54","1,126.81","1,120.38",0.13%
2017/8/1,"1,121.54","1,119.40","1,123.59","1,115.61",0.19%
2017/7/31,"1,119.40","1,124.30","1,126.10","1,118.90",-0.47%
2017/7/28,"1,124.69","1,117.36","1,126.12","1,115.90",0.66%
2017/7/27,"1,117.35","1,112.60","1,117.99","1,110.90",0.43%
2017/7/26,"1,112.60","1,120.01","1,123.30","1,112.15",-0.66%
2017/7/25,"1,120.02","1,115.40","1,120.76","1,114.63",0.41%
2017/7/24,"1,115.40","1,118.90","1,119.61","1,112.31",-0.31%
2017/7/21,"1,118.84","1,121.24","1,124.41","1,116.80",-0.21%
2017/7/20,"1,121.24","1,124.59","1,127.57","1,120.95",-0.30%
2017/7/19,"1,124.60","1,125.30","1,125.41","1,120.28",-0.06%
2017/7/18,"1,125.29","1,128.39","1,131.00","1,122.30",-0.27%
2017/7/17,"1,128.39","1,129.01","1,130.81","1,126.31",-0.06%
2017/7/14,"1,129.10","1,137.86","1,139.63","1,126.69",-0.77%
2017/7/13,"1,137.85","1,138.31","1,140.70","1,134.80",-0.04%
2017/7/12,"1,138.32","1,149.17","1,149.61","1,137.36",-0.94%
2017/7/11,"1,149.17","1,149.58","1,153.35","1,148.16",-0.04%
2017/7/10,"1,149.58","1,153.81","1,154.91","1,148.31",-0.36%
2017/7/7,"1,153.74","1,157.25","1,158.75","1,152.76",-0.30%
2017/7/6,"1,157.26","1,153.34","1,158.70","1,150.83",0.34%
2017/7/5,"1,153.34","1,150.73","1,156.06","1,147.59",0.23%
2017/7/4,"1,150.73","1,150.28","1,152.89","1,147.37",0.04%
2017/7/3,"1,150.28","1,145.61","1,150.69","1,141.57",0.42%
2017/6/30,"1,145.43","1,147.30","1,147.72","1,141.56",-0.16%
2017/6/29,"1,147.30","1,138.93","1,149.31","1,138.01",0.73%
2017/6/28,"1,138.93","1,140.55","1,146.72","1,138.68",-0.14%
2017/6/27,"1,140.56","1,133.52","1,141.42","1,133.43",0.62%
2017/6/26,"1,133.52","1,134.65","1,138.40","1,132.11",-0.12%
2017/6/23,"1,134.89","1,139.31","1,142.90","1,132.86",-0.39%
2017/6/22,"1,139.30","1,143.32","1,144.03","1,138.76",-0.35%
2017/6/21,"1,143.32","1,141.93","1,145.46","1,139.58",0.12%
2017/6/20,"1,141.93","1,136.78","1,143.53","1,135.34",0.45%
2017/6/19,"1,136.78","1,132.56","1,137.86","1,129.01",0.33%
2017/6/16,"1,133.08","1,130.84","1,139.01","1,127.80",0.20%
2017/6/15,"1,130.84","1,119.93","1,132.59","1,118.81",0.97%
2017/6/14,"1,119.93","1,127.73","1,128.31","1,116.30",-0.69%
2017/6/13,"1,127.73","1,130.97","1,131.59","1,126.65",-0.29%
2017/6/12,"1,130.97","1,125.36","1,133.26","1,123.61",0.50%
2017/6/9,"1,125.30","1,121.95","1,126.02","1,119.57",0.30%
2017/6/8,"1,121.95","1,124.29","1,128.01","1,121.86",-0.21%
2017/6/7,"1,124.28","1,118.07","1,126.00","1,117.93",0.55%
2017/6/6,"1,118.08","1,118.32","1,122.54","1,115.49",-0.02%
2017/6/5,"1,118.31","1,118.35","1,120.93","1,115.78",-0.01%
2017/6/2,"1,118.39","1,122.13","1,124.51","1,117.77",-0.33%
2017/6/1,"1,122.13","1,119.65","1,124.22","1,118.40",0.22%
2017/5/31,"1,119.65","1,124.49","1,125.16","1,117.56",-0.43%
2017/5/30,"1,124.49","1,122.06","1,126.90","1,121.76",0.22%
2017/5/29,"1,122.05","1,119.04","1,123.12","1,118.40",0.29%
2017/5/26,"1,118.84","1,120.36","1,122.65","1,115.76",-0.14%
2017/5/25,"1,120.36","1,119.23","1,122.51","1,116.31",0.10%
2017/5/24,"1,119.23","1,125.46","1,128.81","1,118.90",-0.55%
2017/5/23,"1,125.46","1,116.03","1,126.47","1,115.40",0.84%
2017/5/22,"1,116.04","1,118.15","1,119.90","1,114.48",-0.14%
2017/5/19,"1,117.62","1,129.19","1,131.97","1,115.76",-1.02%
2017/5/18,"1,129.19","1,123.06","1,134.39","1,122.56",0.55%
2017/5/17,"1,123.06","1,116.07","1,123.26","1,115.07",0.63%
2017/5/16,"1,116.06","1,118.11","1,120.33","1,113.95",-0.18%
2017/5/15,"1,118.12","1,123.37","1,128.04","1,115.64",-0.47%
2017/5/12,"1,123.41","1,124.41","1,130.65","1,121.99",-0.09%
2017/5/11,"1,124.41","1,132.06","1,134.95","1,123.58",-0.67%
2017/5/10,"1,132.05","1,139.15","1,139.53","1,131.47",-0.62%
2017/5/9,"1,139.15","1,133.69","1,140.73","1,133.06",0.48%
2017/5/8,"1,133.69","1,135.15","1,138.15","1,130.34",-0.18%
2017/5/5,"1,135.71","1,135.60","1,142.13","1,135.53",0.01%
2017/5/4,"1,135.60","1,133.95","1,137.08","1,129.69",0.15%
2017/5/3,"1,133.95","1,129.20","1,134.48","1,128.36",0.42%
2017/5/2,"1,129.20","1,137.60","1,137.89","1,127.15",-0.74%
2017/5/1,"1,137.60","1,137.74","1,140.08","1,135.51",-0.02%
2017/4/28,"1,137.88","1,131.65","1,141.36","1,129.21",0.55%
2017/4/27,"1,131.65","1,133.04","1,136.48","1,128.45",-0.12%
2017/4/26,"1,133.03","1,128.23","1,137.39","1,121.90",0.43%
2017/4/25,"1,128.23","1,134.38","1,137.45","1,124.26",-0.54%
2017/4/24,"1,134.38","1,134.71","1,139.79","1,126.08",-0.02%
2017/4/21,"1,134.57","1,138.11","1,140.90","1,132.90",-0.31%
2017/4/20,"1,138.12","1,143.69","1,145.31","1,135.57",-0.49%
2017/4/19,"1,143.69","1,142.64","1,144.65","1,137.81",0.09%
2017/4/18,"1,142.64","1,133.01","1,148.82","1,132.49",0.85%
2017/4/17,"1,133.02","1,136.34","1,139.62","1,131.41",-0.30%
2017/4/14,"1,136.45","1,136.33","1,142.08","1,135.40",0.01%
2017/4/13,"1,136.32","1,134.95","1,138.90","1,126.19",0.12%
2017/4/12,"1,134.95","1,145.63","1,150.30","1,134.49",-0.93%
2017/4/11,"1,145.63","1,143.47","1,150.61","1,141.17",0.19%
2017/4/10,"1,143.47","1,137.92","1,144.82","1,136.99",0.49%
2017/4/7,"1,137.89","1,131.30","1,140.81","1,130.44",0.58%
2017/4/6,"1,131.30","1,128.28","1,135.04","1,126.78",0.27%
2017/4/5,"1,128.28","1,125.10","1,129.15","1,121.97",0.28%
2017/4/4,"1,125.10","1,117.28","1,127.22","1,116.80",0.70%
2017/4/3,"1,117.28","1,116.90","1,119.54","1,112.27",-0.03%
2017/3/31,"1,117.65","1,118.60","1,122.68","1,116.14",-0.08%
2017/3/30,"1,118.60","1,111.47","1,119.81","1,110.19",0.64%
2017/3/29,"1,111.47","1,116.41","1,117.31","1,110.80",-0.44%
2017/3/28,"1,116.41","1,111.32","1,117.15","1,110.89",0.46%
2017/3/27,"1,111.32","1,117.14","1,117.58","1,106.64",-0.56%
2017/3/24,"1,117.56","1,122.68","1,125.61","1,113.49",-0.46%
2017/3/23,"1,122.68","1,117.28","1,124.64","1,116.79",0.48%
2017/3/22,"1,117.28","1,123.03","1,127.60","1,116.59",-0.51%
2017/3/21,"1,123.03","1,114.51","1,124.31","1,114.09",0.76%
2017/3/20,"1,114.52","1,129.05","1,131.31","1,112.59",-1.29%
2017/3/17,"1,129.04","1,128.82","1,134.14","1,127.39",0.02%
2017/3/16,"1,128.82","1,128.62","1,134.70","1,125.86",0.02%
2017/3/15,"1,128.62","1,149.97","1,150.84","1,127.60",-1.86%
2017/3/14,"1,149.97","1,147.59","1,151.20","1,145.35",0.17%
2017/3/13,"1,147.99","1,149.12","1,153.01","1,144.15",-0.07%
2017/3/10,"1,148.81","1,160.09","1,162.03","1,148.19",-0.97%
2017/3/9,"1,160.10","1,154.80","1,161.45","1,153.10",0.43%
2017/3/8,"1,155.19","1,151.08","1,156.88","1,143.67",0.39%
2017/3/7,"1,150.67","1,155.15","1,158.11","1,146.19",-0.39%
2017/3/6,"1,155.15","1,152.41","1,159.40","1,152.12",0.25%
2017/3/3,"1,152.32","1,150.71","1,159.85","1,147.70",0.14%
2017/3/2,"1,150.71","1,140.23","1,152.53","1,139.80",0.92%
2017/3/1,"1,140.23","1,137.39","1,146.42","1,137.01",0.21%
2017/2/28,"1,137.80","1,135.06","1,138.19","1,124.96",0.28%
2017/2/27,"1,134.65","1,130.51","1,135.21","1,129.30",0.37%
2017/2/24,"1,130.50","1,132.59","1,134.80","1,127.40",-0.23%
2017/2/23,"1,133.10","1,138.48","1,142.70","1,129.19",-0.47%
2017/2/22,"1,138.48","1,142.89","1,145.83","1,137.69",-0.39%
2017/2/21,"1,142.89","1,145.38","1,149.81","1,141.60",-0.22%
2017/2/20,"1,145.38","1,150.62","1,151.57","1,144.89",-0.47%
2017/2/17,"1,150.78","1,141.99","1,152.68","1,141.49",0.77%
2017/2/16,"1,141.99","1,135.28","1,144.04","1,133.74",0.59%
2017/2/15,"1,135.28","1,138.89","1,146.01","1,133.19",-0.32%
2017/2/14,"1,138.89","1,149.71","1,151.40","1,134.60",-0.94%
2017/2/13,"1,149.71","1,146.59","1,155.40","1,146.17",0.27%
2017/2/10,"1,146.60","1,151.03","1,155.40","1,145.69",-0.38%
2017/2/9,"1,151.02","1,145.20","1,152.28","1,142.92",0.51%
2017/2/8,"1,145.20","1,143.39","1,149.56","1,142.16",0.16%
2017/2/7,"1,143.39","1,134.60","1,148.48","1,133.19",0.74%
2017/2/6,"1,134.99","1,138.77","1,141.01","1,131.51",-0.31%
2017/2/3,"1,138.52","1,144.10","1,149.51","1,134.16",-0.49%
2017/2/2,"1,144.10","1,153.71","1,155.20","1,137.63",-0.83%
2017/2/1,"1,153.71","1,151.65","1,159.40","1,149.89",0.18%
2017/1/31,"1,151.65","1,170.71","1,171.11","1,147.99",-1.63%
2017/1/30,"1,170.71","1,178.40","1,179.43","1,169.60",-0.69%
2017/1/27,"1,178.82","1,171.99","1,180.93","1,170.69",0.55%
2017/1/26,"1,172.39","1,163.11","1,173.12","1,156.70",0.83%
2017/1/25,"1,162.70","1,170.23","1,170.35","1,161.67",-0.64%
2017/1/24,"1,170.23","1,163.23","1,170.77","1,160.77",0.60%
2017/1/23,"1,163.23","1,175.36","1,176.01","1,162.80",-1.03%
2017/1/20,"1,175.39","1,175.18","1,178.45","1,168.63",0.02%
2017/1/19,"1,175.18","1,178.37","1,181.53","1,174.36",-0.27%
2017/1/18,"1,178.38","1,160.84","1,178.95","1,160.39",1.51%
2017/1/17,"1,160.84","1,183.38","1,188.11","1,160.15",-1.90%
2017/1/16,"1,183.38","1,175.06","1,185.55","1,175.05",0.71%
2017/1/13,"1,175.00","1,175.91","1,181.40","1,171.77",-0.08%
2017/1/12,"1,175.91","1,187.88","1,188.18","1,171.31",-1.01%
2017/1/11,"1,187.88","1,201.80","1,203.36","1,184.49",-1.16%
2017/1/10,"1,201.80","1,203.36","1,204.26","1,194.09",-0.13%
2017/1/9,"1,203.36","1,202.01","1,209.61","1,201.09",0.11%
2017/1/6,"1,202.00","1,181.79","1,202.33","1,180.19",1.68%
2017/1/5,"1,182.19","1,196.56","1,196.72","1,181.17",-1.17%
2017/1/4,"1,196.15","1,206.82","1,210.11","1,194.89",-0.88%
2017/1/3,"1,206.82","1,203.93","1,212.81","1,201.39",0.24%
2017/1/2,"1,203.93","1,206.85","1,210.70","1,203.19",-0.28%
2016/12/30,"1,207.26","1,206.39","1,208.29","1,200.73",0.07%
2016/12/29,"1,206.39","1,211.93","1,212.42","1,205.60",-0.46%
2016/12/28,"1,211.93","1,207.67","1,215.11","1,205.61",0.35%
2016/12/27,"1,207.67","1,200.36","1,209.48","1,199.89",0.56%
2016/12/26,"1,200.99","1,200.36","1,202.72","1,198.05",0.05%
2016/12/23,"1,200.36","1,205.26","1,206.11","1,199.90",-0.41%
2016/12/22,"1,205.26","1,194.19","1,207.76","1,193.60",0.93%
2016/12/21,"1,194.19","1,192.21","1,198.26","1,191.76",0.17%
2016/12/20,"1,192.21","1,187.69","1,196.56","1,187.56",0.34%
2016/12/19,"1,188.14","1,186.89","1,191.98","1,184.16",0.13%
2016/12/16,"1,186.58","1,183.39","1,189.38","1,181.15",0.27%
2016/12/15,"1,183.39","1,179.72","1,187.89","1,177.56",0.31%
2016/12/14,"1,179.72","1,164.30","1,180.90","1,163.18",1.32%
2016/12/13,"1,164.30","1,164.73","1,169.70","1,162.35",-0.04%
2016/12/12,"1,164.73","1,172.91","1,174.90","1,162.69",-0.70%
2016/12/9,"1,172.89","1,162.38","1,175.06","1,162.38",0.87%
2016/12/8,"1,162.79","1,158.68","1,166.43","1,157.20",0.39%
2016/12/7,"1,158.28","1,171.54","1,173.40","1,157.89",-1.13%
2016/12/6,"1,171.54","1,167.15","1,173.40","1,166.38",0.38%
2016/12/5,"1,167.15","1,172.70","1,176.63","1,166.17",-0.01%
2016/12/2,"1,167.32","1,167.73","1,175.21","1,164.69",-0.04%
2016/12/1,"1,167.73","1,177.39","1,179.78","1,166.69",-0.85%
2016/11/30,"1,177.80","1,168.15","1,179.45","1,166.65",0.86%
2016/11/29,"1,167.76","1,171.89","1,175.06","1,166.73",-0.35%
2016/11/28,"1,171.89","1,175.69","1,176.84","1,168.07",-0.33%
2016/11/25,"1,175.77","1,182.14","1,183.70","1,174.51",-0.54%
2016/11/24,"1,182.14","1,181.49","1,185.51","1,177.25",0.02%
2016/11/23,"1,181.89","1,170.47","1,186.11","1,169.06",1.01%
2016/11/22,"1,170.08","1,180.19","1,181.02","1,169.49",-0.86%
2016/11/21,"1,180.19","1,181.09","1,187.81","1,176.09",-0.08%
2016/11/18,"1,181.08","1,180.02","1,186.89","1,173.90",0.09%
2016/11/17,"1,180.02","1,170.69","1,181.19","1,168.48",0.80%
2016/11/16,"1,170.69","1,167.63","1,178.10","1,164.76",0.26%
2016/11/15,"1,167.63","1,168.91","1,173.31","1,163.67",-0.11%
2016/11/14,"1,168.91","1,165.40","1,176.91","1,165.39",0.29%
2016/11/11,"1,165.58","1,166.39","1,171.77","1,160.08",-0.07%
2016/11/10,"1,166.39","1,157.49","1,168.07","1,146.61",0.73%
2016/11/9,"1,157.89","1,129.34","1,159.01","1,129.02",2.57%
2016/11/8,"1,128.93","1,141.67","1,142.51","1,128.06",-1.12%
2016/11/7,"1,141.67","1,141.45","1,145.29","1,138.40",0.02%
2016/11/4,"1,141.45","1,144.47","1,147.20","1,139.18",-0.26%
2016/11/3,"1,144.47","1,145.06","1,146.53","1,136.56",-0.05%
2016/11/2,"1,145.06","1,145.86","1,153.01","1,141.95",-0.07%
2016/11/1,"1,145.85","1,142.73","1,148.34","1,139.10",0.27%
2016/10/31,"1,142.73","1,147.27","1,149.81","1,140.42",-0.40%
2016/10/28,"1,147.32","1,147.41","1,149.94","1,143.52",-0.01%
2016/10/27,"1,147.41","1,138.76","1,149.05","1,136.90",0.76%
2016/10/26,"1,138.76","1,130.23","1,139.23","1,128.83",0.75%
2016/10/25,"1,130.23","1,135.60","1,140.40","1,129.80",-0.47%
2016/10/24,"1,135.60","1,136.15","1,138.01","1,129.67",-0.05%
2016/10/21,"1,136.21","1,131.13","1,140.80","1,129.60",0.45%
2016/10/20,"1,131.13","1,120.36","1,132.38","1,118.69",0.96%
2016/10/19,"1,120.36","1,125.13","1,126.43","1,119.94",-0.42%
2016/10/18,"1,125.13","1,136.56","1,137.47","1,124.04",-1.01%
2016/10/17,"1,136.56","1,136.61","1,144.51","1,135.90",0.01%
2016/10/14,"1,136.41","1,129.69","1,137.51","1,128.69",0.59%
2016/10/13,"1,129.69","1,125.52","1,138.61","1,124.30",0.37%
2016/10/12,"1,125.51","1,124.99","1,129.39","1,121.49",0.05%
2016/10/11,"1,124.99","1,108.63","1,127.26","1,107.49",1.48%
2016/10/10,"1,108.63","1,115.81","1,117.26","1,107.49",-0.64%
2016/10/7,"1,115.76","1,115.36","1,118.69","1,110.52",0.04%
2016/10/6,"1,115.36","1,115.02","1,118.83","1,109.68",0.03%
2016/10/5,"1,115.02","1,116.58","1,117.90","1,111.56",-0.14%
2016/10/4,"1,116.58","1,104.13","1,117.80","1,102.15",1.13%
2016/10/3,"1,104.13","1,101.81","1,105.80","1,099.34",0.20%
2016/9/30,"1,101.91","1,102.67","1,106.97","1,097.87",-0.07%
2016/9/29,"1,102.67","1,092.30","1,105.36","1,091.61",0.92%
2016/9/28,"1,092.60","1,097.23","1,100.08","1,092.51",-0.39%
2016/9/27,"1,096.93","1,108.91","1,113.90","1,094.15",-1.08%
2016/9/26,"1,108.91","1,104.36","1,110.88","1,102.60",0.44%
2016/9/23,"1,104.01","1,103.34","1,107.61","1,099.47",0.06%
2016/9/22,"1,103.34","1,103.84","1,107.01","1,097.07",-0.05%
2016/9/21,"1,103.84","1,117.20","1,123.61","1,102.26",-1.20%
2016/9/20,"1,117.20","1,119.45","1,122.20","1,116.59",-0.20%
2016/9/19,"1,119.45","1,125.89","1,126.40","1,116.77",-0.59%
2016/9/16,"1,126.05","1,124.89","1,128.70","1,119.68",0.10%
2016/9/15,"1,124.89","1,126.57","1,134.36","1,122.59",-0.15%
2016/9/14,"1,126.57","1,128.16","1,129.78","1,123.07",-0.14%
2016/9/13,"1,128.16","1,107.68","1,130.14","1,107.30",1.85%
2016/9/12,"1,107.68","1,109.91","1,118.49","1,106.99",-0.09%
2016/9/9,"1,108.73","1,098.63","1,109.50","1,096.87",0.92%
2016/9/8,"1,098.63","1,090.70","1,099.05","1,088.45",0.73%
2016/9/7,"1,090.70","1,094.63","1,097.10","1,086.71",-0.36%
2016/9/6,"1,094.64","1,104.55","1,108.80","1,093.86",-0.90%
2016/9/5,"1,104.55","1,116.70","1,117.36","1,103.57",-1.07%
2016/9/2,"1,116.45","1,118.09","1,120.61","1,108.45",-0.15%
2016/9/1,"1,118.09","1,116.30","1,124.72","1,114.43",0.16%
2016/8/31,"1,116.30","1,120.24","1,121.70","1,113.55",-0.35%
2016/8/30,"1,120.24","1,120.09","1,121.59","1,113.41",0.01%
2016/8/29,"1,120.08","1,123.05","1,129.30","1,120.01",-0.22%
2016/8/26,"1,122.51","1,115.82","1,124.01","1,107.45",0.60%
2016/8/25,"1,115.82","1,121.39","1,124.61","1,114.86",-0.50%
2016/8/24,"1,121.39","1,120.58","1,125.50","1,118.33",0.07%
2016/8/23,"1,120.58","1,123.73","1,123.88","1,114.79",-0.28%
2016/8/22,"1,123.74","1,116.66","1,129.61","1,115.49",0.73%
2016/8/19,"1,115.57","1,108.13","1,123.54","1,107.31",0.67%
2016/8/18,"1,108.14","1,108.07","1,112.59","1,103.36",0.01%
2016/8/17,"1,108.07","1,095.86","1,116.51","1,094.49",1.11%
2016/8/16,"1,095.86","1,097.91","1,099.51","1,089.61",-0.19%
2016/8/15,"1,097.91","1,103.16","1,105.28","1,096.16",-0.51%
2016/8/12,"1,103.49","1,097.80","1,107.20","1,097.09",0.51%
2016/8/11,"1,097.85","1,096.44","1,104.36","1,094.36",0.13%
2016/8/10,"1,096.44","1,103.05","1,104.50","1,092.51",-0.60%
2016/8/9,"1,103.05","1,107.90","1,111.51","1,100.94",-0.41%
2016/8/8,"1,107.55","1,115.85","1,117.80","1,106.23",-0.69%
2016/8/5,"1,115.27","1,113.59","1,116.56","1,107.89",0.12%
2016/8/4,"1,113.94","1,117.36","1,117.60","1,112.35",-0.27%
2016/8/3,"1,117.00","1,111.75","1,120.30","1,110.52",0.47%
2016/8/2,"1,111.75","1,108.09","1,113.00","1,105.89",0.30%
2016/8/1,"1,108.44","1,111.81","1,115.56","1,103.14",-0.34%
2016/7/29,"1,112.24","1,124.95","1,126.45","1,111.44",-1.10%
2016/7/28,"1,124.60","1,131.63","1,131.75","1,123.36",-0.62%
2016/7/27,"1,131.63","1,137.39","1,137.95","1,131.49",-0.54%
2016/7/26,"1,137.80","1,142.49","1,144.49","1,135.04",-0.41%
2016/7/25,"1,142.44","1,136.80","1,144.18","1,135.25",0.54%
2016/7/22,"1,136.35","1,138.37","1,140.76","1,133.57",-0.15%
2016/7/21,"1,138.01","1,142.50","1,143.50","1,134.99",-0.46%
2016/7/20,"1,143.25","1,141.01","1,144.12","1,138.24",0.17%
2016/7/19,"1,141.29","1,134.89","1,143.21","1,134.39",0.53%
2016/7/18,"1,135.24","1,137.65","1,139.92","1,134.47",-0.30%
2016/7/15,"1,138.60","1,131.39","1,139.04","1,129.69",0.53%
2016/7/14,"1,132.55","1,146.22","1,148.81","1,130.55",-1.16%
2016/7/13,"1,145.87","1,143.29","1,148.82","1,141.69",0.19%
2016/7/12,"1,143.64","1,151.34","1,153.95","1,142.05",-0.64%
2016/7/11,"1,150.98","1,149.75","1,152.30","1,145.41",0.10%
2016/7/8,"1,149.80","1,158.25","1,163.30","1,147.59",-0.73%
2016/7/7,"1,158.25","1,159.45","1,162.40","1,152.49",-0.10%
2016/7/6,"1,159.45","1,159.05","1,169.90","1,156.29",0.03%
2016/7/5,"1,159.05","1,151.79","1,159.75","1,149.97",0.60%
2016/7/4,"1,152.14","1,152.11","1,153.95","1,145.42",0.19%
2016/7/1,"1,150.00","1,151.99","1,154.40","1,143.89",-0.20%
2016/6/30,"1,152.35","1,154.67","1,158.18","1,147.33",-0.17%
2016/6/29,"1,154.32","1,167.07","1,171.50","1,152.89",-1.09%
2016/6/28,"1,167.07","1,180.19","1,186.20","1,166.26",-1.14%
2016/6/27,"1,180.55","1,172.62","1,189.65","1,172.60",0.73%
2016/6/24,"1,171.95","1,141.75","1,181.10","1,140.67",2.65%
2016/6/23,"1,141.75","1,149.28","1,153.70","1,141.09",-0.66%
2016/6/22,"1,149.28","1,153.19","1,158.40","1,146.09",-0.37%
2016/6/21,"1,153.55","1,159.94","1,163.76","1,151.25",-0.55%
2016/6/20,"1,159.89","1,170.56","1,170.72","1,155.85",-0.90%
2016/6/17,"1,170.46","1,172.65","1,177.90","1,167.20",-0.19%
2016/6/16,"1,172.65","1,168.79","1,179.37","1,167.52",0.30%
2016/6/15,"1,169.14","1,176.70","1,181.15","1,166.25",-0.61%
2016/6/14,"1,176.35","1,172.44","1,182.20","1,170.61",0.33%
2016/6/13,"1,172.44","1,171.10","1,175.97","1,168.22",0.08%
2016/6/10,"1,171.53","1,158.99","1,172.95","1,157.59",1.05%
2016/6/9,"1,159.35","1,154.61","1,162.81","1,151.83",0.44%
2016/6/8,"1,154.25","1,155.99","1,159.65","1,150.89",-0.18%
2016/6/7,"1,156.30","1,162.99","1,167.01","1,153.49",-0.58%
2016/6/6,"1,162.99","1,165.20","1,168.86","1,161.20",-0.05%
2016/6/3,"1,163.55","1,187.16","1,190.56","1,163.35",-1.96%
2016/6/2,"1,186.81","1,192.37","1,194.96","1,185.38",-0.47%
2016/6/1,"1,192.37","1,189.39","1,196.40","1,188.25",0.22%
2016/5/31,"1,189.74","1,190.26","1,194.55","1,188.20",-0.31%
2016/5/30,"1,193.39","1,187.35","1,193.81","1,186.65",0.60%
2016/5/27,"1,186.25","1,179.69","1,187.50","1,177.39",0.53%
2016/5/26,"1,180.05","1,181.85","1,186.06","1,174.25",-0.15%
2016/5/25,"1,181.85","1,188.25","1,191.65","1,180.05",-0.54%
2016/5/24,"1,188.24","1,183.24","1,195.22","1,182.55",0.42%
2016/5/23,"1,183.24","1,191.30","1,191.32","1,182.15",-0.25%
2016/5/20,"1,186.20","1,187.48","1,192.85","1,185.47",-0.11%
2016/5/19,"1,187.48","1,189.19","1,193.30","1,186.89",-0.17%
2016/5/18,"1,189.55","1,177.60","1,193.54","1,175.14",1.05%
2016/5/17,"1,177.24","1,178.20","1,179.18","1,171.39",-0.08%
2016/5/16,"1,178.20","1,176.65","1,181.30","1,175.29",0.12%
2016/5/13,"1,176.80","1,170.49","1,181.03","1,166.11",0.55%
2016/5/12,"1,170.35","1,165.35","1,171.46","1,161.88",0.41%
2016/5/11,"1,165.55","1,170.94","1,173.56","1,162.55",-0.46%
2016/5/10,"1,170.94","1,175.64","1,176.95","1,170.05",-0.40%
2016/5/9,"1,175.60","1,170.01","1,179.46","1,163.31",0.54%
2016/5/6,"1,169.30","1,167.59","1,176.14","1,165.99",0.12%
2016/5/5,"1,167.89","1,167.10","1,172.00","1,163.46",0.07%
2016/5/4,"1,167.10","1,151.80","1,168.11","1,150.11",1.32%
2016/5/3,"1,151.89","1,137.19","1,152.63","1,133.77",1.30%
2016/5/2,"1,137.10","1,145.40","1,146.90","1,136.70",-0.68%
2016/4/29,"1,144.83","1,137.29","1,149.07","1,133.90",0.64%
2016/4/28,"1,137.60","1,149.32","1,150.51","1,136.20",-0.99%
2016/4/27,"1,149.01","1,147.90","1,154.93","1,142.59",0.10%
2016/4/26,"1,147.90","1,151.21","1,152.80","1,146.09",-0.29%
2016/4/25,"1,151.21","1,149.40","1,152.90","1,145.74",0.11%
2016/4/22,"1,149.99","1,141.39","1,151.30","1,138.20",0.75%
2016/4/21,"1,141.39","1,133.70","1,142.82","1,131.80",0.67%
2016/4/20,"1,133.74","1,129.05","1,137.76","1,127.44",0.42%
2016/4/19,"1,128.99","1,144.76","1,146.70","1,124.80",-1.34%
2016/4/18,"1,144.28","1,146.89","1,153.80","1,141.79",-0.24%
2016/4/15,"1,146.99","1,153.70","1,156.40","1,144.59",-0.59%
2016/4/14,"1,153.74","1,146.24","1,159.95","1,145.43",0.65%
2016/4/13,"1,146.24","1,144.24","1,150.42","1,141.94",0.21%
2016/4/12,"1,143.89","1,142.29","1,148.95","1,141.29",0.11%
2016/4/11,"1,142.64","1,151.56","1,155.45","1,141.44",-0.78%
2016/4/8,"1,151.64","1,160.85","1,164.06","1,147.44",-0.79%
2016/4/7,"1,160.80","1,156.14","1,162.01","1,150.86",0.43%
2016/4/6,"1,155.84","1,160.89","1,163.69","1,153.09",-0.43%
2016/4/5,"1,160.81","1,152.16","1,162.88","1,150.29",0.75%
2016/4/4,"1,152.16","1,147.90","1,153.30","1,145.57",0.37%
2016/4/1,"1,147.89","1,145.28","1,155.89","1,142.39",0.26%
2016/3/31,"1,144.97","1,143.92","1,147.50","1,134.69",0.10%
2016/3/30,"1,143.85","1,155.29","1,158.88","1,139.79",-1.03%
2016/3/29,"1,155.74","1,166.05","1,168.09","1,155.26",-0.88%
2016/3/28,"1,165.99","1,169.90","1,174.20","1,164.59",-0.26%
2016/3/25,"1,169.05","1,168.55","1,174.56","1,165.41",0.04%
2016/3/24,"1,168.55","1,168.85","1,171.26","1,164.40",-0.03%
2016/3/23,"1,168.85","1,157.62","1,169.51","1,155.83",1.00%
2016/3/22,"1,157.27","1,160.99","1,165.90","1,152.84",-0.35%
2016/3/21,"1,161.30","1,164.49","1,170.30","1,157.70",-0.26%
2016/3/18,"1,164.30","1,154.59","1,164.70","1,153.79",0.81%
2016/3/17,"1,154.94","1,178.94","1,180.26","1,152.14",-2.04%
2016/3/16,"1,178.94","1,194.94","1,197.14","1,176.95",-1.34%
2016/3/15,"1,194.94","1,189.05","1,197.84","1,186.26",0.50%
2016/3/14,"1,189.05","1,188.12","1,192.56","1,183.92",0.10%
2016/3/11,"1,187.90","1,205.09","1,211.10","1,184.39",-1.46%
2016/3/10,"1,205.44","1,209.85","1,214.86","1,198.61",-0.36%
2016/3/9,"1,209.85","1,210.25","1,218.36","1,207.05",-0.03%
2016/3/8,"1,210.24","1,199.84","1,210.90","1,199.74",0.86%
2016/3/7,"1,199.89","1,198.90","1,208.50","1,197.29",0.12%
2016/3/4,"1,198.50","1,211.57","1,214.00","1,194.69",-1.12%
2016/3/3,"1,212.07","1,224.69","1,227.70","1,208.89",-1.06%
2016/3/2,"1,225.10","1,229.39","1,237.20","1,224.69",-0.35%
2016/3/1,"1,229.35","1,238.60","1,239.44","1,226.85",-0.72%
2016/2/29,"1,238.24","1,243.50","1,246.10","1,234.89",-0.39%
2016/2/26,"1,243.13","1,234.89","1,245.99","1,230.79",0.64%
2016/2/25,"1,235.20","1,233.01","1,243.95","1,232.11",0.20%
2016/2/24,"1,232.71","1,232.04","1,241.74","1,230.89",0.05%
2016/2/23,"1,232.04","1,224.09","1,233.72","1,222.29",0.62%
2016/2/22,"1,224.44","1,234.40","1,238.76","1,222.44",-0.76%
2016/2/19,"1,233.87","1,228.59","1,240.50","1,228.29",0.40%
2016/2/18,"1,228.94","1,224.25","1,235.11","1,222.43",0.38%
2016/2/17,"1,224.24","1,219.26","1,232.16","1,217.74",0.44%
2016/2/16,"1,218.91","1,214.39","1,222.66","1,211.29",0.34%
2016/2/15,"1,214.74","1,208.20","1,214.74","1,206.95",0.64%
2016/2/12,"1,207.00","1,200.65","1,212.50","1,198.79",0.53%
2016/2/11,"1,200.65","1,188.69","1,206.80","1,188.39",0.98%
2016/2/10,"1,189.05","1,198.75","1,202.09","1,187.85",-0.81%
2016/2/9,"1,198.70","1,203.99","1,209.40","1,197.39",-0.44%
2016/2/8,"1,204.05","1,206.62","1,211.70","1,203.70",-0.19%
2016/2/5,"1,206.35","1,191.94","1,207.38","1,189.44",1.21%
2016/2/4,"1,191.94","1,201.14","1,206.95","1,182.06",-0.77%
2016/2/3,"1,201.14","1,212.84","1,222.36","1,199.63",-0.94%
2016/2/2,"1,212.48","1,202.79","1,214.57","1,197.78",0.81%
2016/2/1,"1,202.79","1,208.11","1,211.70","1,199.70",-0.44%
2016/1/29,"1,208.11","1,207.73","1,213.60","1,198.08",0.03%
2016/1/28,"1,207.74","1,208.82","1,212.10","1,201.49",-0.09%
2016/1/27,"1,208.79","1,198.32","1,209.57","1,197.75",0.88%
2016/1/26,"1,198.20","1,199.70","1,206.62","1,197.35",-0.13%
2016/1/25,"1,199.70","1,197.70","1,202.57","1,192.07",0.18%
2016/1/22,"1,197.57","1,204.20","1,207.20","1,195.84",-0.51%
2016/1/21,"1,203.76","1,208.43","1,214.30","1,202.20",-0.45%
2016/1/20,"1,209.25","1,207.39","1,219.15","1,207.11",0.15%
2016/1/19,"1,207.49","1,211.72","1,214.20","1,202.06",-0.34%
2016/1/18,"1,211.57","1,214.81","1,217.20","1,208.26",-0.27%
2016/1/15,"1,214.81","1,207.73","1,221.70","1,206.58",0.59%
2016/1/14,"1,207.74","1,210.24","1,219.07","1,207.50",-0.21%
2016/1/13,"1,210.24","1,210.40","1,215.20","1,201.30",-0.01%
2016/1/12,"1,210.33","1,204.63","1,213.50","1,203.97",0.46%
2016/1/11,"1,204.76","1,207.94","1,211.50","1,202.19",-0.26%
2016/1/8,"1,207.94","1,197.29","1,214.65","1,191.90",0.89%
2016/1/7,"1,197.29","1,200.52","1,204.70","1,193.16",-0.27%
2016/1/6,"1,200.52","1,190.81","1,203.80","1,187.59",0.82%
2016/1/5,"1,190.81","1,190.35","1,192.80","1,184.40",0.04%
2016/1/4,"1,190.35","1,175.66","1,193.23","1,175.65",1.27%
2016/1/1,"1,175.45","1,175.94","1,176.50","1,175.19",-0.04%
