날짜,종가,오픈,고가,저가,거래량,변동 %
2021/11/12,80.72,81.36,81.59,79.8,-,-1.07%
2021/11/11,81.59,81.41,82.33,80.2,-,0.31%
2021/11/10,81.34,84.53,84.97,80.81,555.22K,-3.34%
2021/11/9,84.15,82.16,84.63,81.78,504.83K,2.71%
2021/11/8,81.93,81.13,82.67,81.05,393.95K,0.81%
2021/11/5,81.27,79.37,81.8,78.96,531.05K,3.12%
2021/11/4,78.81,80.18,83.42,78.25,701.12K,-2.54%
2021/11/3,80.86,83.07,83.08,79.69,546.58K,-3.63%
2021/11/2,83.91,83.87,84.41,82.92,429.61K,-0.17%
2021/11/1,84.05,83.36,84.88,82.74,412.31K,0.57%
2021/10/29,83.57,83.09,83.74,81.41,507.31K,0.92%
2021/10/28,82.81,82.25,83.21,80.58,491.59K,0.18%
2021/10/27,82.66,84.39,84.51,82.01,529.95K,-2.35%
2021/10/26,84.65,83.72,84.88,82.97,467.72K,1.06%
2021/10/25,83.76,83.98,85.41,83.39,568.73K,0.00%
2021/10/22,83.76,82.61,84.22,81.76,465.36K,1.53%
2021/10/21,82.5,83.58,83.96,80.79,567.50K,-1.63%
2021/10/20,83.87,83.34,84.25,81.3,25.72K,1.10%
2021/10/19,82.96,82.37,83.74,81.8,82.61K,0.63%
2021/10/18,82.44,82.6,83.87,81.84,134.10K,0.19%
2021/10/15,82.28,81.48,82.66,81.39,277.95K,1.19%
2021/10/14,81.31,80.59,81.68,80.38,399.81K,1.08%
2021/10/13,80.44,80.58,81.04,79.42,487.22K,-0.25%
2021/10/12,80.64,80.5,81.62,79.47,598.18K,0.15%
2021/10/11,80.52,79.59,82.18,79.55,653.76K,1.47%
2021/10/8,79.35,78.86,80.11,78.63,662.01K,1.34%
2021/10/7,78.3,77,78.89,74.96,545.01K,1.12%
2021/10/6,77.43,79.04,79.78,76.83,459.06K,-1.90%
2021/10/5,78.93,78.86,80.11,78.63,449.62K,1.69%
2021/10/4,77.62,75.9,78.38,75.32,458.01K,2.29%
2021/10/1,75.88,75.12,75.99,74.23,389.00K,1.13%
2021/9/30,75.03,74.78,76.07,73.14,583.19K,0.27%
2021/9/29,74.83,74.38,75.79,73.74,424.19K,-0.61%
2021/9/28,75.29,75.43,76.67,74.24,476.14K,-0.21%
2021/9/27,75.45,74.19,75.75,74.16,417.83K,1.99%
2021/9/24,73.98,73.24,74.27,72.81,350.38K,0.93%
2021/9/23,73.3,71.97,73.5,71.61,403.41K,1.48%
2021/9/22,72.23,70.85,72.3,70.64,381.06K,2.37%
2021/9/21,70.56,70.59,71.63,69.67,37.61K,0.38%
2021/9/20,70.29,71.92,72.08,69.86,75.84K,-2.33%
2021/9/17,71.97,72.62,72.72,71.21,119.93K,-0.88%
2021/9/16,72.61,72.65,72.99,71.53,298.41K,0.00%
2021/9/15,72.61,70.76,73.14,70.65,418.67K,3.05%
2021/9/14,70.46,70.64,71.22,69.98,414.23K,0.01%
2021/9/13,70.45,69.74,70.97,69.51,390.94K,1.05%
2021/9/10,69.72,67.97,69.96,67.68,411.08K,2.32%
2021/9/9,68.14,69.36,69.89,67.56,556.45K,-1.67%
2021/9/8,69.3,68.37,69.75,68.31,389.33K,1.39%
2021/9/7,68.35,69.11,69.48,67.64,481.70K,-0.65%
2021/9/6,68.8,68.75,69.47,68.27,-,0.07%
2021/9/5,68.75,69.22,69.23,68.73,-,-0.78%
2021/9/3,69.29,69.76,70.53,69.05,313.09K,-1.00%
2021/9/2,69.99,68.29,70.61,67.84,403.31K,2.04%
2021/9/1,68.59,68.55,69.24,67.12,399.50K,0.13%
2021/8/31,68.5,69.18,69.34,68.16,325.85K,-1.03%
2021/8/30,69.21,69.3,69.64,67.67,360.80K,0.68%
2021/8/27,68.74,67.75,69.05,67.52,326.06K,1.96%
2021/8/26,67.42,68,68.31,67.02,344.29K,-1.38%
2021/8/25,68.36,67.63,68.54,66.92,353.74K,1.21%
2021/8/24,67.54,65.54,67.8,65.41,335.89K,2.89%
2021/8/23,65.64,61.96,66,61.74,397.29K,5.33%
2021/8/20,62.32,64.05,64.1,62.11,24.63K,-2.15%
2021/8/19,63.69,64.58,64.76,62.63,88.24K,-2.70%
2021/8/18,65.46,66.58,67.48,64.34,121.20K,-1.70%
2021/8/17,66.59,67.43,67.72,66.33,235.30K,-1.04%
2021/8/16,67.29,67.71,68.27,65.73,334.84K,-1.68%
2021/8/13,68.44,68.91,69.22,67.77,272.03K,-0.94%
2021/8/12,69.09,69.36,69.62,68.46,352.47K,-0.23%
2021/8/11,69.25,68.51,69.45,66.67,513.29K,1.41%
2021/8/10,68.29,66.85,68.9,66.56,452.13K,2.72%
2021/8/9,66.48,67.88,67.9,65.15,598.38K,-2.64%
2021/8/6,68.28,69.14,70.18,67.8,537.14K,-1.17%
2021/8/5,69.09,68.06,69.35,67.61,416.33K,1.38%
2021/8/4,68.15,70.32,70.81,67.85,582.92K,-3.42%
2021/8/3,70.56,71.52,71.96,69.19,509.94K,-0.98%
2021/8/2,71.26,73.91,73.95,70.55,448.20K,-3.64%
2021/7/30,73.95,73.41,74.23,72.93,303.70K,0.45%
2021/7/29,73.62,72.4,73.68,72.26,294.46K,1.70%
2021/7/28,72.39,71.9,72.6,71.7,318.91K,1.03%
2021/7/27,71.65,72.22,72.33,71.08,333.12K,-0.36%
2021/7/26,71.91,72.18,72.43,70.56,395.74K,-0.22%
2021/7/23,72.07,71.71,72.21,71.39,274.78K,0.22%
2021/7/22,71.91,70.22,72.03,69.86,435.18K,2.29%
2021/7/21,70.3,66.45,70.51,66.44,503.03K,4.27%
2021/7/20,67.42,66.6,67.65,65.21,29.74K,1.51%
2021/7/19,66.42,71.49,71.67,65.63,82.57K,-7.51%
2021/7/16,71.81,71.48,72.3,70.41,133.93K,0.22%
2021/7/15,71.65,72.96,72.96,71.4,368.68K,-2.02%
2021/7/14,73.13,75.17,75.44,72.21,528.36K,-2.82%
2021/7/13,75.25,74.18,75.52,73.68,444.08K,1.55%
2021/7/12,74.1,74.74,74.93,73.16,397.93K,-0.62%
2021/7/9,74.56,73.26,74.76,72.72,422.15K,2.22%
2021/7/8,72.94,72.17,73.26,70.76,529.69K,1.02%
2021/7/7,72.2,73.85,74.86,71.07,607.97K,-1.59%
2021/7/6,73.37,75.35,76.98,72.94,714.04K,-3.78%
2021/7/5,76.25,75.15,76.4,74.75,-,1.48%
2021/7/4,75.14,75.22,75.28,75,-,-0.03%
2021/7/2,75.16,75.02,75.62,74.41,377.53K,-0.09%
2021/7/1,75.23,73.5,76.22,73.39,615.68K,2.40%
2021/6/30,73.47,73.47,74.14,72.82,383.63K,0.67%
2021/6/29,72.98,72.78,73.81,71.97,321.45K,0.10%
2021/6/28,72.91,73.99,74.45,72.62,354.70K,-1.54%
2021/6/25,74.05,73.32,74.18,72.85,364.72K,1.02%
2021/6/24,73.3,73.28,73.61,72.32,334.83K,0.30%
2021/6/23,73.08,72.91,74.25,72.82,429.21K,0.03%
2021/6/22,73.06,73.41,73.95,72.94,29.00K,-0.81%
2021/6/21,73.66,71.52,73.96,71.15,123.66K,2.82%
2021/6/18,71.64,71.1,72.17,70.16,139.58K,0.84%
2021/6/17,71.04,71.65,72.3,69.77,373.78K,-1.54%
2021/6/16,72.15,72.45,72.99,71.61,426.78K,0.04%
2021/6/15,72.12,71.16,72.49,70.81,336.04K,1.75%
2021/6/14,70.88,70.65,71.78,70.65,319.64K,-0.04%
2021/6/11,70.91,70.1,71.24,69.68,563.58K,0.88%
2021/6/10,70.29,69.76,70.65,68.68,492.46K,0.47%
2021/6/9,69.96,70.01,70.62,69.46,410.82K,-0.13%
2021/6/8,70.05,69.29,70.27,68.47,441.30K,1.18%
2021/6/7,69.23,69.52,70,68.93,365.62K,-0.56%
2021/6/4,69.62,68.91,69.76,68.33,326.25K,1.18%
2021/6/3,68.81,68.76,69.4,68.19,351.37K,-0.03%
2021/6/2,68.83,67.99,69,67.78,333.00K,1.64%
2021/6/1,67.72,66.68,68.87,66.41,570.99K,1.14%
2021/5/31,66.96,66.58,67.41,66.41,-,0.56%
2021/5/30,66.59,66.7,66.75,66.53,-,0.41%
2021/5/28,66.32,66.95,67.52,66.17,390.46K,-0.79%
2021/5/27,66.85,66.16,66.92,65.47,337.54K,0.97%
2021/5/26,66.21,66.04,66.43,65.25,376.21K,0.21%
2021/5/25,66.07,66.02,66.51,65.41,497.39K,0.03%
2021/5/24,66.05,63.87,66.14,63.63,466.65K,3.88%
2021/5/21,63.58,61.89,64.07,61.56,530.83K,2.47%
2021/5/20,62.05,63.39,63.96,61.89,29.62K,-2.07%
2021/5/19,63.36,65.28,65.35,61.95,101.90K,-3.25%
2021/5/18,65.49,66.33,67.01,64.11,167.35K,-1.18%
2021/5/17,66.27,65.5,66.43,64.83,268.48K,1.38%
2021/5/14,65.37,63.83,65.62,63.33,383.75K,2.43%
2021/5/13,63.82,65.75,65.81,63.09,547.69K,-3.42%
2021/5/12,66.08,65.46,66.63,64.97,508.52K,1.23%
2021/5/11,65.28,64.9,65.5,63.68,514.95K,0.55%
2021/5/10,64.92,65.57,65.75,63.95,448.34K,0.03%
2021/5/7,64.9,64.9,65.24,63.9,431.42K,0.29%
2021/5/6,64.71,65.27,65.98,64.5,389.21K,-1.40%
2021/5/5,65.63,66.45,66.76,64.92,460.07K,-0.09%
2021/5/4,65.69,64.53,66.19,64.29,370.21K,1.86%
2021/5/3,64.49,63.64,64.68,62.91,285.97K,1.43%
2021/4/30,63.58,64.88,64.95,63.08,400.52K,-2.20%
2021/4/29,65.01,63.7,65.47,63.65,384.49K,1.80%
2021/4/28,63.86,63.04,64.53,62.67,387.68K,1.46%
2021/4/27,62.94,61.97,63.3,61.91,361.54K,1.66%
2021/4/26,61.91,62.06,62.31,60.66,366.87K,-0.37%
2021/4/23,62.14,61.65,62.43,61.25,345.41K,1.16%
2021/4/22,61.43,61.11,61.87,60.61,344.70K,0.13%
2021/4/21,61.35,62.39,62.56,60.86,431.49K,-1.75%
2021/4/20,62.44,63.47,64.25,61.5,33.04K,-1.48%
2021/4/19,63.38,62.98,63.63,62.63,74.38K,0.40%
2021/4/16,63.13,63.32,63.88,62.83,87.80K,-0.52%
2021/4/15,63.46,62.83,63.57,62.53,243.37K,0.49%
2021/4/14,63.15,60.44,63.44,60.38,419.81K,4.94%
2021/4/13,60.18,59.64,60.59,59.64,349.73K,0.80%
2021/4/12,59.7,59.35,60.77,58.73,410.22K,0.64%
2021/4/9,59.32,59.76,59.95,59.1,351.44K,-0.47%
2021/4/8,59.6,59.52,59.93,58.82,419.91K,-0.28%
2021/4/7,59.77,59.26,60.04,58.12,475.54K,0.74%
2021/4/6,59.33,58.8,60.9,58.62,457.35K,1.16%
2021/4/5,58.65,61.5,61.5,57.63,438.86K,-4.56%
2021/4/1,61.45,59.49,61.75,58.86,605.57K,3.87%
2021/3/31,59.16,60.45,61.17,58.85,414.16K,-2.30%
2021/3/30,60.55,61.96,62.27,59.94,388.19K,-1.64%
2021/3/29,61.56,60.93,61.77,59.41,449.36K,0.97%
2021/3/26,60.97,58.48,61.36,58.32,472.00K,4.12%
2021/3/25,58.56,60.8,60.86,57.44,580.11K,-4.28%
2021/3/24,61.18,57.4,61.34,57.29,566.29K,5.92%
2021/3/23,57.76,61.28,61.35,57.25,712.32K,-6.16%
2021/3/22,61.55,61.55,61.9,60.39,28.26K,0.21%
2021/3/19,61.42,59.56,61.72,58.94,84.17K,2.37%
2021/3/18,60,64.42,64.82,58.2,143.60K,-7.12%
2021/3/17,64.6,64.75,65.34,63.6,254.72K,-0.31%
2021/3/16,64.8,65.33,65.43,63.8,317.54K,-0.90%
2021/3/15,65.39,65.56,66.4,64.13,378.01K,-0.34%
2021/3/12,65.61,65.96,66.24,65.41,321.71K,-0.62%
2021/3/11,66.02,64.7,66.21,64.54,441.06K,2.45%
2021/3/10,64.44,63.84,64.96,63.13,498.49K,0.67%
2021/3/9,64.01,64.73,65.98,63.63,554.56K,-1.60%
2021/3/8,65.05,66.68,67.98,64.57,533.38K,-1.57%
2021/3/5,66.09,64.16,66.42,63.82,573.17K,3.54%
2021/3/4,63.83,61.08,64.86,60.52,694.63K,4.16%
2021/3/3,61.28,59.55,61.99,59.24,465.31K,2.56%
2021/3/2,59.75,60.23,61.21,59.38,464.13K,-1.47%
2021/3/1,60.64,61.95,62.92,59.96,456.68K,-1.40%
2021/2/26,61.5,63.46,63.57,61.34,472.72K,-3.20%
2021/2/25,63.53,63.39,63.81,62.65,510.36K,0.49%
2021/2/24,63.22,61.29,63.51,60.97,489.93K,2.51%
2021/2/23,61.67,62.16,63,60.67,570.68K,0.29%
2021/2/22,61.49,58.88,61.84,58.82,37.04K,3.80%
2021/2/19,59.24,60.2,60.29,58.59,102.43K,-2.12%
2021/2/18,60.52,61.68,62.26,59.79,132.04K,-1.01%
2021/2/17,61.14,60.24,61.73,59.43,335.42K,1.82%
2021/2/16,60.05,59.98,60.95,59.33,602.33K,-0.07%
2021/2/15,60.09,60.36,60.95,59.96,-,-0.46%
2021/2/14,60.37,60.01,60.75,60.01,-,1.51%
2021/2/12,59.47,57.94,59.82,57.41,480.82K,2.11%
2021/2/11,58.24,58.4,58.71,57.84,380.45K,-0.75%
2021/2/10,58.68,58.45,58.91,58.08,457.54K,0.55%
2021/2/9,58.36,58.11,58.62,57.27,514.70K,0.67%
2021/2/8,57.97,57.06,58.14,57,399.72K,1.97%
2021/2/5,56.85,56.46,57.29,56.43,400.83K,1.10%
2021/2/4,56.23,55.96,56.58,55.3,381.40K,0.97%
2021/2/3,55.69,55.05,56.33,54.81,448.69K,1.70%
2021/2/2,54.76,53.48,55.26,53.45,463.72K,2.26%
2021/2/1,53.55,51.99,53.74,51.64,416.07K,2.59%
2021/1/29,52.2,52.15,53.25,51.93,410.91K,-0.27%
2021/1/28,52.34,52.65,53.58,52.04,411.41K,-0.96%
2021/1/27,52.85,52.76,53.3,51.85,442.38K,0.46%
2021/1/26,52.61,52.91,53.25,52.29,314.54K,-0.30%
2021/1/25,52.77,52.17,52.95,51.82,349.08K,0.96%
2021/1/22,52.27,53.1,53.16,51.44,437.48K,-1.62%
2021/1/21,53.13,52.93,53.41,52.75,352.40K,-0.21%
2021/1/20,53.24,53.13,53.79,53.05,37.84K,0.49%
2021/1/19,52.98,52,53.13,51.76,125.96K,1.18%
2021/1/18,52.36,52.2,52.61,51.83,-,0.31%
2021/1/17,52.2,52.09,52.38,52.09,-,-0.31%
2021/1/15,52.36,53.8,53.83,51.83,165.67K,-2.26%
2021/1/14,53.57,52.84,53.75,52.24,390.09K,1.25%
2021/1/13,52.91,53.31,53.93,52.58,429.90K,-0.56%
2021/1/12,53.21,52.18,53.45,52.07,400.20K,1.84%
2021/1/11,52.25,52.58,52.7,51.5,394.82K,0.02%
2021/1/8,52.24,50.93,52.75,50.81,499.42K,2.77%
2021/1/7,50.83,50.53,51.28,50.39,369.29K,0.40%
2021/1/6,50.63,49.82,50.94,49.48,509.37K,1.40%
2021/1/5,49.93,47.38,50.2,47.24,643.19K,4.85%
2021/1/4,47.62,48.4,49.83,47.18,528.53K,-1.85%
2020/12/31,48.52,48.35,48.58,47.77,181.89K,0.25%
2020/12/30,48.4,48.13,48.66,47.61,266.96K,0.83%
2020/12/29,48,47.72,48.35,47.68,213.78K,0.80%
2020/12/28,47.62,48.23,48.96,47.5,238.46K,-1.26%
2020/12/24,48.23,48.09,48.62,47.56,167.39K,0.23%
2020/12/23,48.12,46.79,48.5,46.16,344.31K,2.34%
2020/12/22,47.02,47.93,47.96,46.6,295.74K,-1.51%
2020/12/21,47.74,48.54,48.61,46.18,27.96K,-2.77%
2020/12/18,49.1,48.43,49.28,48.1,83.71K,1.53%
2020/12/17,48.36,47.85,48.59,47.81,96.54K,1.13%
2020/12/16,47.82,47.6,47.94,47.17,275.33K,0.42%
2020/12/15,47.62,46.99,47.73,46.54,311.17K,1.34%
2020/12/14,46.99,46.73,47.44,45.69,403.54K,0.90%
2020/12/11,46.57,46.97,47.29,46.34,367.31K,-0.45%
2020/12/10,46.78,45.69,47.74,45.52,447.53K,2.77%
2020/12/9,45.52,45.6,46.24,44.95,434.98K,-0.18%
2020/12/8,45.6,45.66,45.93,45.14,332.64K,-0.35%
2020/12/7,45.76,46.15,46.54,45.36,348.87K,-1.08%
2020/12/4,46.26,45.64,46.68,45.61,335.45K,1.36%
2020/12/3,45.64,44.99,45.84,44.66,350.77K,0.80%
2020/12/2,45.28,44.38,45.92,43.92,368.85K,1.64%
2020/12/1,44.55,45.08,45.7,44.12,314.92K,-1.74%
2020/11/30,45.34,45.34,45.8,44.42,370.76K,-0.42%
2020/11/27,45.53,45.9,46.09,44.55,365.13K,1.22%
2020/11/26,44.98,45.77,46.09,44.73,-,-1.60%
2020/11/25,45.71,44.82,46.26,44.73,417.18K,1.78%
2020/11/24,44.91,42.84,45.2,42.82,418.53K,4.30%
2020/11/23,43.06,42.46,43.36,42.29,300.72K,2.16%
2020/11/20,42.15,41.7,42.32,41.51,29.78K,0.98%
2020/11/19,41.74,41.61,41.98,41.08,88.14K,-0.19%
2020/11/18,41.82,41.35,42.46,41.08,107.01K,0.94%
2020/11/17,41.43,41.44,41.69,40.57,243.68K,0.22%
2020/11/16,41.34,40.17,42.09,40.15,378.79K,3.02%
2020/11/13,40.13,40.94,40.94,40.06,338.19K,-2.41%
2020/11/12,41.12,41.47,42.19,40.87,401.03K,-0.80%
2020/11/11,41.45,41.79,43.06,41.32,443.77K,0.22%
2020/11/10,41.36,39.91,41.84,39.41,457.05K,2.66%
2020/11/9,40.29,37.34,41.33,37.16,622.92K,8.48%
2020/11/6,37.14,38.54,38.61,37.06,411.03K,-4.25%
2020/11/5,38.79,39.17,39.35,38.27,298.37K,-0.92%
2020/11/4,39.15,38.15,39.25,37.26,437.00K,3.96%
2020/11/3,37.66,37.03,38.32,36.57,410.61K,2.31%
2020/11/2,36.81,35.24,37.15,33.64,489.20K,2.85%
2020/10/30,35.79,36.07,36.6,35.21,388.97K,-1.05%
2020/10/29,36.17,37.39,37.76,34.92,568.82K,-3.26%
2020/10/28,37.39,38.97,39.01,36.97,489.95K,-5.51%
2020/10/27,39.57,38.59,39.83,38.51,339.54K,2.62%
2020/10/26,38.56,39.69,39.74,38.28,360.18K,-3.24%
2020/10/23,39.85,40.61,40.92,39.57,268.93K,-1.94%
2020/10/22,40.64,40.04,41.02,39.71,307.49K,1.52%
2020/10/21,40.03,41.22,41.59,39.78,366.90K,-3.45%
2020/10/20,41.46,40.65,41.7,40.25,24.52K,1.54%
2020/10/19,40.83,40.69,41.22,40.54,75.34K,-0.12%
2020/10/16,40.88,40.88,41.05,40.08,96.49K,-0.20%
2020/10/15,40.96,41.13,41.29,39.22,248.25K,-0.19%
2020/10/14,41.04,40.19,41.16,39.82,328.30K,2.09%
2020/10/13,40.2,39.53,40.53,39.35,375.47K,1.95%
2020/10/12,39.43,40.4,40.45,39.04,322.04K,-2.88%
2020/10/9,40.6,41.31,41.47,40.38,331.70K,-1.43%
2020/10/8,41.19,39.99,41.33,39.76,409.79K,3.10%
2020/10/7,39.95,39.83,40.35,39.28,433.07K,-1.77%
2020/10/6,40.67,39.35,40.86,39.1,400.53K,3.70%
2020/10/5,39.22,37,39.72,37,378.58K,5.86%
2020/10/2,37.05,38.6,38.65,36.63,391.43K,-4.31%
2020/10/1,38.72,39.9,40.47,37.61,443.44K,-3.73%
2020/9/30,40.22,39.16,40.37,38.68,340.29K,2.37%
2020/9/29,39.29,40.58,40.7,38.41,379.60K,-3.23%
2020/9/28,40.6,40.07,40.8,39.78,226.43K,0.87%
2020/9/25,40.25,40.15,40.64,39.71,229.03K,-0.15%
2020/9/24,40.31,39.6,40.37,39.12,269.99K,0.95%
2020/9/23,39.93,39.76,40.75,39.26,318.75K,0.83%
2020/9/22,39.6,39.63,40.02,39,23.22K,0.74%
2020/9/21,39.31,40.98,41.27,38.66,66.20K,-4.38%
2020/9/18,41.11,40.97,41.49,40.3,73.76K,0.34%
2020/9/17,40.97,40.19,41.22,39.42,280.67K,2.02%
2020/9/16,40.16,38.35,40.34,38.35,367.61K,4.91%
2020/9/15,38.28,37.28,38.57,37.06,348.86K,2.74%
2020/9/14,37.26,37.32,37.68,36.82,347.56K,-0.19%
2020/9/11,37.33,37.01,37.82,36.67,363.79K,0.08%
2020/9/10,37.3,37.8,38.18,36.93,367.56K,-1.97%
2020/9/9,38.05,36.79,38.45,36.16,455.36K,3.51%
2020/9/8,36.76,39.48,39.59,36.13,720.98K,-6.22%
2020/9/7,39.2,38.77,39.53,38.77,-,1.16%
2020/9/6,38.75,39.47,39.48,38.57,-,-2.56%
2020/9/4,39.77,41.25,41.87,39.35,444.18K,-3.87%
2020/9/3,41.37,41.63,41.79,40.22,417.63K,-0.34%
2020/9/2,41.51,43.02,43.21,41.23,421.77K,-2.92%
2020/9/1,42.76,42.83,43.43,42.72,285.15K,0.35%
2020/8/31,42.61,42.91,43.57,42.56,236.88K,-0.84%
2020/8/28,42.97,42.98,43.42,42.69,272.80K,-0.16%
2020/8/27,43.04,43.45,43.5,42.36,320.97K,-0.81%
2020/8/26,43.39,43.39,43.78,43,262.24K,0.09%
2020/8/25,43.35,42.36,43.57,42.31,330.80K,1.71%
2020/8/24,42.62,42.48,42.89,42.23,294.73K,0.66%
2020/8/21,42.34,42.75,42.96,41.46,345.37K,-0.56%
2020/8/20,42.58,42.74,42.79,41.5,27.43K,-0.82%
2020/8/19,42.93,42.6,43.03,42.36,81.30K,0.09%
2020/8/18,42.89,42.79,42.99,42.11,111.63K,0.00%
2020/8/17,42.89,42.24,42.97,41.8,208.43K,2.09%
2020/8/14,42.01,42.33,42.57,41.62,310.87K,-0.54%
2020/8/13,42.24,42.57,42.84,42.09,329.51K,-1.01%
2020/8/12,42.67,41.62,42.9,41.53,397.83K,2.55%
2020/8/11,41.61,41.98,42.94,41.48,432.84K,-0.79%
2020/8/10,41.94,41.5,42.33,41.17,367.80K,1.75%
2020/8/7,41.22,41.97,42.22,41.06,399.00K,-1.74%
2020/8/6,41.95,42.19,42.65,41.61,359.61K,-0.57%
2020/8/5,42.19,41.56,43.52,41.47,491.27K,1.18%
2020/8/4,41.7,40.78,42.08,40.14,451.58K,1.68%
2020/8/3,41.01,40.39,41.24,39.58,338.33K,1.84%
2020/7/31,40.27,40.34,40.55,39.66,318.79K,0.88%
2020/7/30,39.92,41.32,41.39,38.72,487.33K,-3.27%
2020/7/29,41.27,41.13,41.57,40.93,295.86K,0.56%
2020/7/28,41.04,41.65,41.93,40.85,276.80K,-1.35%
2020/7/27,41.6,41.26,41.82,40.48,377.71K,0.75%
2020/7/24,41.29,41.06,41.67,40.66,353.16K,0.54%
2020/7/23,41.07,41.95,42.36,40.83,389.41K,-1.98%
2020/7/22,41.9,41.54,42.03,41.14,333.65K,-0.14%
2020/7/21,41.96,40.65,42.4,40.64,25.62K,2.82%
2020/7/20,40.81,40.64,40.91,39.83,60.18K,0.54%
2020/7/17,40.59,40.72,40.9,40.02,88.22K,-0.39%
2020/7/16,40.75,40.97,41.18,40.52,200.10K,-1.09%
2020/7/15,41.2,40.55,41.26,40.08,352.54K,2.26%
2020/7/14,40.29,39.6,40.57,39.07,426.97K,0.47%
2020/7/13,40.1,40.35,40.72,39.47,370.72K,-1.11%
2020/7/10,40.55,39.58,40.77,38.54,393.15K,2.35%
2020/7/9,39.62,40.87,40.99,39.27,367.39K,-3.13%
2020/7/8,40.9,40.48,41.08,40.3,286.74K,0.69%
2020/7/7,40.62,40.68,40.95,39.9,256.60K,-0.02%
2020/7/6,40.63,40.31,41.08,39.84,373.24K,0.87%
2020/7/3,40.28,40.23,40.5,39.86,-,-0.91%
2020/7/2,40.65,39.78,40.74,39.46,347.10K,2.08%
2020/7/1,39.82,39.84,40.58,39.05,407.17K,1.40%
2020/6/30,39.27,39.64,40.08,38.85,370.06K,-1.08%
2020/6/29,39.7,37.96,39.89,37.5,343.91K,3.14%
2020/6/26,38.49,39.09,39.35,37.79,356.71K,-0.59%
2020/6/25,38.72,38.05,39.23,37.08,451.64K,1.87%
2020/6/24,38.01,39.99,40.54,37.31,499.49K,-5.85%
2020/6/23,40.37,40.68,41.63,39.76,368.73K,-0.22%
2020/6/22,40.46,39.18,40.7,39.12,29.89K,1.79%
2020/6/19,39.75,38.85,40.49,38.4,64.11K,2.34%
2020/6/18,38.84,37.74,38.97,37.11,113.38K,2.32%
2020/6/17,37.96,37.93,38.75,37.21,239.52K,-1.09%
2020/6/16,38.38,37.05,39.06,36.38,366.32K,3.39%
2020/6/15,37.12,36.03,37.26,34.36,387.55K,2.37%
2020/6/12,36.26,36.26,36.99,34.48,406.51K,-0.22%
2020/6/11,36.34,39.09,39.09,35.41,513.91K,-8.23%
2020/6/10,39.6,38.5,39.91,37.73,385.87K,1.69%
2020/6/9,38.94,38.22,39.1,37.07,396.03K,1.96%
2020/6/8,38.19,39.41,40.44,37.96,416.64K,-3.44%
2020/6/5,39.55,37.33,39.68,37.05,396.86K,5.72%
2020/6/4,37.41,36.76,37.62,36.38,307.61K,0.32%
2020/6/3,37.29,36.86,38.18,35.88,494.25K,1.30%
2020/6/2,36.81,35.56,37.06,35.28,343.48K,3.87%
2020/6/1,35.44,35.21,35.9,34.27,385.71K,-0.14%
2020/5/29,35.49,33.68,35.77,32.36,443.65K,5.28%
2020/5/28,33.71,32.1,34.21,31.14,440.17K,2.74%
2020/5/27,32.81,34.14,34.32,31.75,415.25K,-4.48%
2020/5/26,34.35,33.3,34.81,32.48,466.74K,1.27%
2020/5/25,33.92,32.92,34.18,32.72,-,3.10%
2020/5/24,32.9,33.38,33.42,32.5,-,-1.05%
2020/5/22,33.25,33.95,34,30.72,429.04K,-1.98%
2020/5/21,33.92,33.53,34.66,33.26,372.81K,1.28%
2020/5/20,33.49,31.89,33.78,31.56,406.43K,3.05%
2020/5/19,32.5,32.83,33.44,31.34,36.07K,2.14%
2020/5/18,31.82,29.53,33.32,29.53,89.38K,8.12%
2020/5/15,29.43,27.64,29.92,27.24,108.02K,6.79%
2020/5/14,27.56,25.56,27.96,25.18,160.51K,8.98%
2020/5/13,25.29,25.3,26.45,24.79,150.86K,-1.90%
2020/5/12,25.78,24.49,26.23,24.22,212.34K,6.79%
2020/5/11,24.14,24.49,25.58,23.67,179.59K,-2.43%
2020/5/8,24.74,23.35,24.99,23.26,205.18K,5.05%
2020/5/7,23.55,24.09,26.74,22.94,310.26K,-1.83%
2020/5/6,23.99,25.52,26.08,22.58,381.17K,-2.32%
2020/5/5,24.56,21.24,25.49,21.13,387.24K,20.45%
2020/5/4,20.39,19.11,21.42,18.05,311.49K,3.08%
2020/5/1,19.78,19.04,20.48,18.07,403.20K,4.99%
2020/4/30,18.84,15.64,19.44,15.45,545.34K,25.10%
2020/4/29,15.06,13.35,16.78,12.67,554.13K,22.04%
2020/4/28,12.34,12.96,13.69,10.07,897.09K,-3.44%
2020/4/27,12.78,16.84,16.98,11.88,623.20K,-24.56%
2020/4/24,16.94,16.78,17.97,15.64,600.22K,2.67%
2020/4/23,16.5,14.2,18.26,13.35,833.58K,19.74%
2020/4/22,13.78,13.12,16.18,10.26,1.24M,37.66%
2020/4/21,10.01,-14,13.86,-16.74,18.44K,-126.60%
2020/4/20,-37.63,17.73,17.85,-40.32,247.95K,-305.97%
2020/4/17,18.27,20,20.22,17.31,240.63K,-8.05%
2020/4/16,19.87,20.15,20.53,19.42,350.94K,0.00%
2020/4/15,19.87,20.72,20.89,19.2,544.80K,-1.19%
2020/4/14,20.11,22.36,23.08,19.95,785.48K,-10.26%
2020/4/13,22.41,24.6,24.74,22.03,775.12K,-1.54%
2020/4/9,22.76,26.28,28.36,22.57,1.12M,-9.29%
2020/4/8,25.09,24.3,26.45,23.74,823.55K,6.18%
2020/4/7,23.63,26.34,27.24,23.54,797.71K,-9.39%
2020/4/6,26.08,26.09,28.24,25.28,752.71K,-7.97%
2020/4/3,28.34,24.81,29.13,23.52,1.01M,11.93%
2020/4/2,25.32,21.22,27.39,20.76,1.10M,24.67%
2020/4/1,20.31,20.1,21.55,19.9,703.29K,-0.83%
2020/3/31,20.48,20.23,21.89,20.01,660.08K,1.94%
2020/3/30,20.09,20.93,20.93,19.27,758.71K,-6.60%
2020/3/27,21.51,23.29,23.44,20.88,603.12K,-4.82%
2020/3/26,22.6,24.25,24.65,22.38,633.88K,-7.72%
2020/3/25,24.49,24.37,25.24,22.91,618.73K,2.00%
2020/3/24,24.01,23.87,25.16,23.09,659.70K,2.78%
2020/3/23,23.36,22.52,24.07,20.8,852.95K,4.15%
2020/3/20,22.43,24.73,27.89,19.46,29.76K,-11.06%
2020/3/19,25.22,22.3,27.71,21.36,136.72K,23.81%
2020/3/18,20.37,26.94,27.22,20.06,309.48K,-24.42%
2020/3/17,26.95,28.69,30.3,26.63,545.82K,-6.10%
2020/3/16,28.7,33.75,33.75,28.1,698.83K,-9.55%
2020/3/13,31.73,30.77,33.87,30.33,743.13K,0.73%
2020/3/12,31.5,33.07,33.63,30.02,1.03M,-4.49%
2020/3/11,32.98,34.62,36.35,32.56,874.65K,-4.02%
2020/3/10,34.36,30.37,35.02,30.2,1.06M,10.38%
2020/3/9,31.13,32.87,34.88,27.34,1.77M,-24.59%
2020/3/6,41.28,46.09,46.38,41.05,1.28M,-10.07%
2020/3/5,45.9,47.13,47.57,45.65,704.59K,-1.88%
2020/3/4,46.78,46.94,48.41,46.65,745.86K,-0.85%
2020/3/3,47.18,47.72,48.66,46.47,1.01M,0.92%
2020/3/2,46.75,43.7,47.56,43.32,949.47K,4.45%
2020/2/28,44.76,46.49,47.03,43.85,1.10M,-4.95%
2020/2/27,47.09,48.63,48.78,45.88,1.01M,-3.37%
2020/2/26,48.73,50.08,50.44,48.3,884.48K,-2.34%
2020/2/25,49.9,51.37,52.02,49.69,764.99K,-2.97%
2020/2/24,51.43,52.6,52.64,50.45,765.52K,-3.65%
2020/2/21,53.38,53.74,53.86,52.55,707.56K,-0.74%
2020/2/20,53.78,53.5,54.5,53.22,30.67K,0.92%
2020/2/19,53.29,52.12,53.66,51.93,113.68K,2.38%
2020/2/18,52.05,52.23,52.41,50.88,221.77K,-0.29%
2020/2/17,52.2,52.34,52.59,52.05,-,-0.31%
2020/2/16,52.36,52.45,52.63,52.34,-,0.60%
2020/2/14,52.05,51.51,52.34,51.32,607.34K,1.23%
2020/2/13,51.42,51.72,51.96,50.6,745.40K,0.49%
2020/2/12,51.17,49.96,51.73,49.95,795.26K,2.46%
2020/2/11,49.94,49.61,50.69,49.58,725.73K,0.75%
2020/2/10,49.57,50.12,50.49,49.42,715.89K,-1.49%
2020/2/7,50.32,51.11,51.48,50.09,768.35K,-1.24%
2020/2/6,50.95,51.17,52.2,50.24,750.66K,0.39%
2020/2/5,50.75,49.51,51.88,49.47,887.95K,2.30%
2020/2/4,49.61,49.94,51.55,49.31,859.36K,-1.00%
2020/2/3,50.11,51.01,51.97,49.8,876.04K,-2.81%
2020/1/31,51.56,52.92,53.36,50.97,827.91K,-1.11%
2020/1/30,52.14,53.09,53.2,51.66,720.12K,-2.23%
2020/1/29,53.33,53.97,54.37,52.81,624.98K,-0.28%
2020/1/28,53.48,52.77,54.06,52.68,633.96K,0.64%
2020/1/27,53.14,53.7,53.71,52.13,712.88K,-1.94%
2020/1/24,54.19,55.69,55.95,53.85,586.20K,-2.52%
2020/1/23,55.59,56.11,56.27,54.77,704.00K,-2.03%
2020/1/22,56.74,58.26,58.38,56.03,620.12K,-2.74%
2020/1/21,58.34,59.17,59.73,57.68,50.18K,-0.66%
2020/1/20,58.73,59.28,59.32,58.56,-,-0.91%
2020/1/19,59.27,59.36,59.66,59.2,-,1.25%
2020/1/17,58.54,58.59,58.98,58.27,122.56K,0.03%
2020/1/16,58.52,58.1,58.87,57.56,182.87K,1.23%
2020/1/15,57.81,58.2,58.36,57.36,433.17K,-0.72%
2020/1/14,58.23,58.03,58.72,57.72,507.71K,0.26%
2020/1/13,58.08,59.04,59.27,57.91,584.00K,-1.63%
2020/1/10,59.04,59.61,59.78,58.85,596.19K,-0.87%
2020/1/9,59.56,59.99,60.31,58.66,750.93K,-0.08%
2020/1/8,59.61,62.84,65.65,59.15,1.21M,-4.93%
2020/1/7,62.7,62.91,63.15,62.11,582.65K,-0.90%
2020/1/6,63.27,63.71,64.72,62.64,724.24K,0.35%
2020/1/3,63.05,61.18,64.09,61.13,885.86K,3.06%
2020/1/2,61.18,61.6,61.6,60.64,486.87K,-0.24%
2020/1/1,61.33,61.52,61.54,61.33,-,0.44%
2019/12/31,61.06,61.68,61.88,60.63,494.54K,-1.01%
2019/12/30,61.68,61.71,62.34,61.09,427.15K,-0.06%
2019/12/27,61.72,61.73,61.97,61.24,351.90K,0.06%
2019/12/26,61.68,61.2,61.83,61.06,265.09K,0.80%
2019/12/25,61.19,61.45,61.52,61.17,-,0.13%
2019/12/24,61.11,60.63,61.16,60.47,204.54K,0.97%
2019/12/23,60.52,60.41,60.77,60.1,314.71K,0.13%
2019/12/20,60.44,61.11,61.2,60.02,552.52K,-1.27%
2019/12/19,61.22,60.86,61.47,60.79,35.46K,0.48%
2019/12/18,60.93,60.55,61.18,60.32,131.07K,-0.02%
2019/12/17,60.94,60.23,61.06,60.03,163.74K,1.21%
2019/12/16,60.21,59.87,60.34,59.71,347.40K,0.23%
2019/12/13,60.07,59.36,60.48,59.27,512.29K,1.50%
2019/12/12,59.18,58.88,59.72,58.75,530.85K,0.71%
2019/12/11,58.76,59.06,59.22,58.11,589.65K,-0.81%
2019/12/10,59.24,58.92,59.52,58.52,566.82K,0.37%
2019/12/9,59.02,59.11,59.25,58.23,511.56K,-0.30%
2019/12/6,59.2,58.32,59.85,57.7,679.61K,1.32%
2019/12/5,58.43,58.36,59.12,58.1,649.46K,0.00%
2019/12/4,58.43,56.43,58.66,56.28,760.54K,4.15%
2019/12/3,56.1,55.96,56.8,55.35,560.55K,0.25%
2019/12/2,55.96,55.47,56.67,55.42,616.42K,1.43%
2019/11/29,55.17,58.13,58.3,55.02,718.72K,-5.01%
2019/11/28,58.08,57.97,58.29,57.64,-,-0.05%
2019/11/27,58.11,58.27,58.68,57.51,454.26K,-0.51%
2019/11/26,58.41,57.92,58.56,57.76,443.82K,0.69%
2019/11/25,58.01,57.92,58.15,57.21,420.64K,0.42%
2019/11/22,57.77,58.31,58.74,57.5,508.24K,-1.38%
2019/11/21,58.58,57,58.67,56.6,593.53K,2.57%
2019/11/20,57.11,55.16,57.25,54.76,31.92K,3.44%
2019/11/19,55.21,56.9,57.11,55.04,121.21K,-3.23%
2019/11/18,57.05,57.88,58.09,56.55,159.33K,-1.16%
2019/11/15,57.72,56.91,57.97,56.43,375.99K,1.67%
2019/11/14,56.77,57.39,57.79,56.63,516.83K,-0.61%
2019/11/13,57.12,56.79,57.53,56.2,547.64K,0.56%
2019/11/12,56.8,56.89,57.55,56.54,586.57K,-0.11%
2019/11/11,56.86,57.4,57.4,56.25,498.98K,-0.66%
2019/11/8,57.24,57.08,57.48,55.76,636.94K,0.16%
2019/11/7,57.15,56.35,57.88,56.27,678.17K,1.42%
2019/11/6,56.35,57.26,57.85,56.11,623.26K,-1.54%
2019/11/5,57.23,56.56,57.5,56.3,435.32K,1.22%
2019/11/4,56.54,56.41,57.43,55.83,580.35K,0.60%
2019/11/1,56.2,54.15,56.33,54.07,538.12K,3.73%
2019/10/31,54.18,54.9,55.59,53.71,677.42K,-1.60%
2019/10/30,55.06,55.53,55.73,54.42,659.33K,-0.86%
2019/10/29,55.54,55.8,55.91,54.61,521.46K,-0.48%
2019/10/28,55.81,56.65,56.92,55.58,437.02K,-1.50%
2019/10/25,56.66,56.07,56.74,55.6,445.02K,0.76%
2019/10/24,56.23,55.9,56.51,55.41,480.76K,0.46%
2019/10/23,55.97,54.3,56.07,53.62,620.20K,3.34%
2019/10/22,54.16,53.39,54.62,53.1,33.92K,1.59%
2019/10/21,53.31,53.71,54.03,52.71,95.98K,-0.87%
2019/10/18,53.78,54.09,54.62,53.35,174.48K,-0.28%
2019/10/17,53.93,52.99,54.16,52.62,418.42K,1.07%
2019/10/16,53.36,52.92,53.74,52.51,451.64K,1.04%
2019/10/15,52.81,53.51,53.79,52.39,511.25K,-1.46%
2019/10/14,53.59,54.9,54.9,52.77,467.64K,-2.03%
2019/10/11,54.7,53.88,54.93,53.64,741.70K,2.15%
2019/10/10,53.55,52.69,53.97,51.38,613.94K,1.83%
2019/10/9,52.59,52.57,53.74,52.31,632.67K,-0.08%
2019/10/8,52.63,52.81,53.27,51.81,658.32K,-0.23%
2019/10/7,52.75,52.69,54.06,52.59,549.02K,-0.11%
2019/10/4,52.81,52.29,53.35,52.04,541.10K,0.69%
2019/10/3,52.45,52.47,52.91,50.99,642.47K,-0.36%
2019/10/2,52.64,54,54.42,52.17,590.31K,-1.83%
2019/10/1,53.62,54.28,54.84,53.05,589.18K,-0.83%
2019/9/30,54.07,56.54,56.57,53.98,532.52K,-3.29%
2019/9/27,55.91,56.51,56.76,54.75,712.97K,-0.89%
2019/9/26,56.41,56.69,56.84,55.41,599.65K,-0.14%
2019/9/25,56.49,56.7,57.02,55.55,563.55K,-1.40%
2019/9/24,57.29,58.44,58.49,56.69,591.53K,-2.30%
2019/9/23,58.64,59.25,59.39,57.37,526.79K,0.95%
2019/9/20,58.09,58.65,59.1,57.79,37.98K,-0.07%
2019/9/19,58.13,58.2,59.54,58.01,112.33K,0.03%
2019/9/18,58.11,58.81,59.43,57.67,216.96K,-2.07%
2019/9/17,59.34,61.96,62.59,58.46,993.24K,-5.66%
2019/9/16,62.9,61.48,63.38,58.77,1.40M,14.68%
2019/9/13,54.85,55.15,55.68,54.44,599.47K,-0.44%
2019/9/12,55.09,55.93,56.34,54,845.98K,-1.18%
2019/9/11,55.75,57.89,58.3,55.61,858.77K,-2.87%
2019/9/10,57.4,58.03,58.76,57.2,755.47K,-0.78%
2019/9/9,57.85,56.8,58.16,56.58,646.99K,2.35%
2019/9/6,56.52,56.19,56.95,54.83,714.29K,0.39%
2019/9/5,56.3,55.95,57.76,55.75,712.47K,0.07%
2019/9/4,56.26,53.92,56.58,53.84,682.30K,4.30%
2019/9/3,53.94,55,55.24,52.84,970.80K,-1.32%
2019/9/2,54.66,54.81,55.22,54.36,-,-0.26%
2019/9/1,54.8,55,55,54.56,-,-0.54%
2019/8/30,55.1,56.63,56.72,54.55,708.27K,-2.84%
2019/8/29,56.71,55.88,56.89,55.43,630.76K,1.67%
2019/8/28,55.78,55.71,56.75,55.34,674.05K,1.55%
2019/8/27,54.93,53.76,55.72,53.69,596.62K,2.40%
2019/8/26,53.64,53.25,55.26,52.96,679.02K,-0.98%
2019/8/23,54.17,55.35,55.6,53.24,807.15K,-2.13%
2019/8/22,55.35,55.94,56.46,54.85,621.57K,-0.59%
2019/8/21,55.68,56.05,57.13,55.55,704.04K,-1.17%
2019/8/20,56.34,56.1,56.6,55.28,47.45K,0.23%
2019/8/19,56.21,54.96,56.41,54.84,113.57K,2.44%
2019/8/16,54.87,54.74,55.67,54.26,168.35K,0.73%
2019/8/15,54.47,54.9,55.33,53.77,527.87K,-1.38%
2019/8/14,55.23,56.74,56.85,53.97,718.29K,-3.27%
2019/8/13,57.1,54.73,57.47,54.21,783.49K,3.95%
2019/8/12,54.93,54.32,55.18,53.54,611.03K,0.79%
2019/8/9,54.5,52.88,54.92,52.37,726.39K,3.73%
2019/8/8,52.54,52.33,53.06,51.94,724.76K,2.84%
2019/8/7,51.09,53.42,53.77,50.52,1.06M,-4.74%
2019/8/6,53.63,54.95,55.42,53.29,682.79K,-1.94%
2019/8/5,54.69,55.38,55.61,54.22,823.84K,-1.74%
2019/8/2,55.66,54.54,56.05,54.15,739.81K,3.17%
2019/8/1,53.95,57.85,57.99,53.59,886.75K,-7.90%
2019/7/31,58.58,58.34,58.82,57.81,614.00K,0.91%
2019/7/30,58.05,57.07,58.47,56.96,547.40K,2.07%
2019/7/29,56.87,56.2,57.1,55.81,529.74K,1.19%
2019/7/26,56.2,55.93,56.57,55.68,476.79K,0.32%
2019/7/25,56.02,55.9,56.99,55.81,559.28K,0.25%
2019/7/24,55.88,57.23,57.64,55.33,745.25K,-1.57%
2019/7/23,56.77,56.17,57.47,55.74,521.88K,0.98%
2019/7/22,56.22,56.22,56.84,55.72,24.30K,1.06%
2019/7/19,55.63,55.72,56.36,54.99,105.22K,0.60%
2019/7/18,55.3,56.6,57.32,54.72,215.36K,-2.61%
2019/7/17,56.78,57.52,58.36,56.21,504.43K,-1.46%
2019/7/16,57.62,59.26,60.06,57.07,712.54K,-3.29%
2019/7/15,59.58,60.25,60.92,59.2,566.82K,-1.05%
2019/7/12,60.21,60.46,60.74,59.93,469.03K,0.02%
2019/7/11,60.2,60.44,60.94,60.14,573.02K,-0.38%
2019/7/10,60.43,58.4,60.53,58.35,690.66K,4.50%
2019/7/9,57.83,57.56,59.1,57.29,551.87K,0.29%
2019/7/8,57.66,57.77,58.46,57.3,540.86K,0.26%
2019/7/5,57.51,57.38,57.82,56.29,698.02K,1.25%
2019/7/4,56.8,57.41,57.57,56.48,-,-0.94%
2019/7/3,57.34,56.49,57.48,56.04,600.13K,1.94%
2019/7/2,56.25,59.14,59.43,56.09,878.94K,-4.81%
2019/7/1,59.09,59.27,60.28,58.34,674.89K,1.06%
2019/6/28,58.47,59.22,59.8,57.75,556.10K,-1.62%
2019/6/27,59.43,59.27,59.73,58.61,531.41K,0.08%
2019/6/26,59.38,58.84,59.93,58.65,686.82K,2.68%
2019/6/25,57.83,57.74,58.84,57.2,673.14K,-0.12%
2019/6/24,57.9,57.72,58.22,56.75,597.16K,0.82%
2019/6/21,57.43,57.26,57.98,56.66,676.05K,1.38%
2019/6/20,56.65,54.12,57.02,54.11,27.88K,5.38%
2019/6/19,53.76,54.09,54.42,53.28,122.84K,-0.26%
2019/6/18,53.9,51.95,54.31,51.5,181.64K,3.79%
2019/6/17,51.93,52.5,52.74,51.58,397.87K,-1.10%
2019/6/14,52.51,52.18,52.98,51.7,574.23K,0.44%
2019/6/13,52.28,51.07,53.45,50.92,945.02K,2.23%
2019/6/12,51.14,53.04,53.05,50.72,786.11K,-4.00%
2019/6/11,53.27,53.43,54.04,52.91,642.94K,0.02%
2019/6/10,53.26,54.24,54.84,53.05,687.15K,-1.35%
2019/6/7,53.99,53.1,54.32,52.62,828.13K,2.66%
2019/6/6,52.59,51.66,53.3,51.17,790.07K,1.76%
2019/6/5,51.68,52.86,53.41,50.6,943.19K,-3.37%
2019/6/4,53.48,52.89,53.78,52.43,831.63K,0.43%
2019/6/3,53.25,53.42,54.63,52.11,984.31K,-0.47%
2019/5/31,53.5,56.46,56.61,53.05,1.03M,-5.46%
2019/5/30,56.59,59.12,59.7,56.33,842.28K,-3.77%
2019/5/29,58.81,59.07,59.14,56.88,1.12M,-0.56%
2019/5/28,59.14,58.94,59.57,58.13,1.02M,-0.03%
2019/5/27,59.16,58.77,59.26,58.14,-,0.66%
2019/5/26,58.77,58.94,59,58.67,-,0.24%
2019/5/24,58.63,58.21,59.1,57.5,758.10K,1.24%
2019/5/23,57.91,61.31,61.41,57.33,1.11M,-5.71%
2019/5/22,61.42,62.95,63,61.03,766.73K,-2.49%
2019/5/21,62.99,63.22,63.6,62.75,28.91K,-0.17%
2019/5/20,63.1,62.93,63.81,62.45,131.89K,0.54%
2019/5/17,62.76,63.12,63.64,62.52,215.80K,-0.17%
2019/5/16,62.87,62.12,63.48,62.08,545.68K,1.37%
2019/5/15,62.02,61.37,62.34,60.85,723.00K,0.39%
2019/5/14,61.78,60.86,62.11,60.69,751.67K,1.21%
2019/5/13,61.04,61.65,63.33,60.64,1.00M,-1.01%
2019/5/10,61.66,61.64,62.49,61.42,786.49K,-0.06%
2019/5/9,61.7,62.02,62.21,60.92,769.58K,-0.68%
2019/5/8,62.12,61.44,62.37,61.07,791.77K,1.17%
2019/5/7,61.4,62.17,62.49,60.66,842.81K,-1.37%
2019/5/6,62.25,61.43,62.95,60.04,768.81K,0.50%
2019/5/3,61.94,61.55,62.52,61.3,646.87K,0.21%
2019/5/2,61.81,63.61,63.68,60.95,914.66K,-2.81%
2019/5/1,63.6,63.4,63.93,62.77,676.87K,-0.49%
2019/4/30,63.91,63.58,64.75,63.3,750.49K,0.65%
2019/4/29,63.5,62.95,63.69,62.46,654.08K,0.32%
2019/4/26,63.3,65.13,65.18,62.28,1.00M,-2.93%
2019/4/25,65.21,65.81,66.28,64.9,603.00K,-1.03%
2019/4/24,65.89,66.17,66.43,65.66,678.39K,-0.62%
2019/4/23,66.3,65.75,66.6,65.58,700.60K,0.91%
2019/4/22,65.7,64,65.92,64,30.14K,2.66%
2019/4/18,64,63.75,64.16,63.46,148.24K,0.38%
2019/4/17,63.76,64.32,64.61,63.66,235.38K,-0.45%
2019/4/16,64.05,63.57,64.37,62.99,547.47K,1.03%
2019/4/15,63.4,63.76,63.84,63.03,555.86K,-0.77%
2019/4/12,63.89,63.71,64.65,63.66,625.59K,0.49%
2019/4/11,63.58,64.48,64.49,63.31,760.50K,-1.59%
2019/4/10,64.61,64.22,64.7,64.05,722.22K,0.98%
2019/4/9,63.98,64.4,64.79,63.68,790.68K,-0.65%
2019/4/8,64.4,63.33,64.48,63.13,895.77K,2.09%
2019/4/5,63.08,62.18,63.34,61.82,686.86K,1.58%
2019/4/4,62.1,62.5,62.77,61.89,684.97K,-0.58%
2019/4/3,62.46,62.64,62.99,62.05,799.67K,-0.19%
2019/4/2,62.58,61.81,62.75,61.6,793.23K,1.61%
2019/4/1,61.59,60.24,61.8,60.13,670.81K,2.41%
2019/3/29,60.14,59.53,60.73,59.41,705.56K,1.42%
2019/3/28,59.3,59.4,59.56,58.2,712.21K,-0.19%
2019/3/27,59.41,60.03,60.22,58.81,732.15K,-0.88%
2019/3/26,59.94,59.12,60.38,59.04,685.99K,1.90%
2019/3/25,58.82,58.98,59.35,58.17,705.40K,-0.37%
2019/3/22,59.04,59.87,60.07,58.28,738.84K,-1.57%
2019/3/21,59.98,59.99,60.39,59.66,655.38K,0.25%
2019/3/20,59.83,59.02,60.12,58.39,31.13K,1.36%
2019/3/19,59.03,59.01,59.57,58.62,114.82K,-0.10%
2019/3/18,59.09,58.45,59.23,58.05,157.24K,0.97%
2019/3/15,58.52,58.51,58.95,57.74,507.39K,-0.15%
2019/3/14,58.61,58.35,58.74,58,567.60K,0.60%
2019/3/13,58.26,57.09,58.48,57.01,610.62K,2.44%
2019/3/12,56.87,56.76,57.55,56.74,652.80K,0.14%
2019/3/11,56.79,56.07,57.01,55.96,597.16K,1.28%
2019/3/8,56.07,56.43,56.51,54.52,747.36K,-1.04%
2019/3/7,56.66,56.2,56.99,56.08,628.82K,0.78%
2019/3/6,56.22,56.28,56.4,55.42,637.68K,-0.60%
2019/3/5,56.56,56.45,57.19,56.09,538.40K,-0.05%
2019/3/4,56.59,55.83,57,55.81,549.40K,1.42%
2019/3/1,55.8,57.22,57.88,55.57,684.19K,-2.48%
2019/2/28,57.22,57,57.43,56.43,496.68K,0.49%
2019/2/27,56.94,55.95,57.39,55.72,577.23K,2.59%
2019/2/26,55.5,55.46,56.08,55.02,538.92K,0.04%
2019/2/25,55.48,57.17,57.53,55.08,723.01K,-3.11%
2019/2/22,57.26,56.84,57.81,56.71,513.44K,0.53%
2019/2/21,56.96,57.24,57.61,56.64,546.20K,0.07%
2019/2/20,56.92,55.94,57.55,55.48,37.68K,1.48%
2019/2/19,56.09,55.78,56.33,55.29,153.73K,-0.32%
2019/2/18,56.27,56.33,56.73,56.12,-,-0.11%
2019/2/17,56.33,56.17,56.39,56.11,-,1.33%
2019/2/15,55.59,54.48,55.87,54.24,276.91K,2.17%
2019/2/14,54.41,53.96,54.68,53.08,623.55K,0.95%
2019/2/13,53.9,53.35,54.6,53.27,706.55K,1.51%
2019/2/12,53.1,52.47,54.05,52.29,708.31K,1.32%
2019/2/11,52.41,52.66,52.78,51.23,750.24K,-0.59%
2019/2/8,52.72,52.59,52.99,52.08,621.00K,0.15%
2019/2/7,52.64,53.94,54.21,51.8,749.01K,-2.54%
2019/2/6,54.01,53.73,54.3,52.86,606.72K,0.65%
2019/2/5,53.66,54.86,55.21,53.47,609.76K,-1.65%
2019/2/4,54.56,55.32,55.75,53.29,622.47K,-1.27%
2019/2/1,55.26,54.01,55.66,53.37,689.57K,2.73%
2019/1/31,53.79,54.28,55.37,53.62,718.65K,-0.81%
2019/1/30,54.23,53.24,54.93,53.09,731.31K,1.73%
2019/1/29,53.31,52.12,53.93,51.84,660.53K,2.54%
2019/1/28,51.99,53.56,53.64,51.33,650.67K,-3.17%
2019/1/25,53.69,53.17,53.94,52.91,593.39K,1.05%
2019/1/24,53.13,52.45,53.47,52.07,714.42K,0.97%
2019/1/23,52.62,52.95,53.64,51.86,702.87K,0.10%
2019/1/22,52.57,53.73,54.24,51.8,46.03K,-3.08%
2019/1/21,54.24,53.66,54.48,53.58,-,1.10%
2019/1/20,53.65,53.97,54.05,53.59,-,-0.28%
2019/1/18,53.8,52.23,53.92,52.09,193.10K,3.32%
2019/1/17,52.07,52.3,52.58,50.98,288.56K,-0.46%
2019/1/16,52.31,52,52.52,51.26,694.18K,0.38%
2019/1/15,52.11,50.78,52.3,50.64,664.18K,3.17%
2019/1/14,50.51,51.73,52.11,50.38,791.53K,-2.09%
2019/1/11,51.59,52.28,53.31,51.18,812.34K,-1.90%
2019/1/10,52.59,52.18,52.78,51.37,821.78K,0.44%
2019/1/9,52.36,49.8,52.58,49.71,891.92K,5.18%
2019/1/8,49.78,48.73,49.95,48.31,765.98K,2.60%
2019/1/7,48.52,48.3,49.79,48.11,819.94K,1.17%
2019/1/4,47.96,46.9,49.22,46.65,817.28K,1.85%
2019/1/3,47.09,46.26,47.49,45.35,788.72K,1.18%
2019/1/2,46.54,45.8,47.78,44.35,850.48K,1.42%
2019/1/1,45.89,45.77,45.95,45.73,-,1.06%
2018/12/31,45.41,45.22,46.53,44.73,476.97K,0.18%
2018/12/28,45.33,45.44,46.22,44.42,564.39K,1.61%
2018/12/27,44.61,46.58,46.7,44.37,665.59K,-3.48%
2018/12/26,46.22,42.85,47,42.52,698.41K,7.09%
2018/12/25,43.16,43,43.25,42.88,-,1.48%
2018/12/24,42.53,45.45,46.24,42.36,415.86K,-6.71%
2018/12/21,45.59,46.25,46.77,45.13,694.00K,-0.63%
2018/12/20,45.88,47.39,47.51,45.67,794.13K,-2.80%
2018/12/19,47.2,45.93,48,45.93,37.16K,2.08%
2018/12/18,46.24,49.16,49.59,45.79,120.10K,-7.30%
2018/12/17,49.88,51.25,51.87,49.01,211.26K,-2.58%
2018/12/14,51.2,52.83,52.95,50.84,526.84K,-2.62%
2018/12/13,52.58,51.2,53.27,50.35,733.63K,2.80%
2018/12/12,51.15,51.95,52.88,50.94,730.81K,-0.97%
2018/12/11,51.65,50.89,52.43,50.7,665.26K,1.27%
2018/12/10,51,52.03,52.81,50.53,733.23K,-3.06%
2018/12/7,52.61,51.76,54.22,50.6,987.72K,2.18%
2018/12/6,51.49,52.93,53.3,50.08,987.27K,-2.65%
2018/12/5,52.89,52.59,54.44,52.16,624.91K,-0.68%
2018/12/4,53.25,53.13,54.55,52.43,738.13K,0.57%
2018/12/3,52.95,52.45,53.85,52.03,758.01K,3.97%
2018/11/30,50.93,51.27,51.79,49.65,796.71K,-1.01%
2018/11/29,51.45,50.31,52.2,49.41,812.72K,2.31%
2018/11/28,50.29,52.09,52.56,50.06,831.69K,-2.46%
2018/11/27,51.56,51.54,52.38,50.3,764.01K,-0.14%
2018/11/26,51.63,50.62,52.25,50.1,663.11K,2.40%
2018/11/23,50.42,54.66,54.82,50.15,1.01M,-6.66%
2018/11/22,54.02,54.64,54.82,53.53,-,-1.12%
2018/11/21,54.63,53.39,55.86,53.39,734.28K,2.25%
2018/11/20,53.43,57.39,57.44,52.77,983.12K,-5.87%
2018/11/19,56.76,56.72,57.33,55.08,33.58K,0.53%
2018/11/16,56.46,56.58,57.96,55.89,159.00K,0.00%
2018/11/15,56.46,56.02,57.26,55.59,256.50K,0.37%
2018/11/14,56.25,55.27,57.37,55.13,844.70K,1.01%
2018/11/13,55.69,58.88,59.35,54.75,1.10M,-7.07%
2018/11/12,59.93,60.7,61.28,58.68,806.22K,-0.43%
2018/11/9,60.19,60.75,60.79,59.26,821.73K,-0.79%
2018/11/8,60.67,61.64,62.42,60.4,764.55K,-1.62%
2018/11/7,61.67,61.74,63.18,61.2,866.63K,-0.87%
2018/11/6,62.21,62.7,63.32,61.31,761.24K,-1.41%
2018/11/5,63.1,62.99,64.14,62.52,609.13K,-0.06%
2018/11/2,63.14,63.5,63.95,62.63,708.91K,-0.86%
2018/11/1,63.69,64.88,65.39,63.11,790.29K,-2.48%
2018/10/31,65.31,66.32,67,64.81,666.49K,-1.31%
2018/10/30,66.18,66.68,67.26,65.33,680.44K,-1.28%
2018/10/29,67.04,67.55,67.95,66.29,477.49K,-0.81%
2018/10/26,67.59,66.95,67.88,66.2,595.21K,0.39%
2018/10/25,67.33,66.36,67.65,65.99,573.10K,0.76%
2018/10/24,66.82,66.17,67.72,66.05,775.96K,0.59%
2018/10/23,66.43,69.55,69.66,65.74,853.27K,-3.96%
2018/10/22,69.17,69.41,69.65,68.27,27.42K,0.07%
2018/10/19,69.12,68.68,69.77,68.56,108.31K,0.68%
2018/10/18,68.65,70.03,70.03,68.47,215.34K,-1.58%
2018/10/17,69.75,72.17,72.43,69.43,651.58K,-3.02%
2018/10/16,71.92,71.72,72.29,71.02,535.00K,0.20%
2018/10/15,71.78,71.85,72.7,70.85,568.61K,0.62%
2018/10/12,71.34,70.99,72.01,70.64,626.67K,0.52%
2018/10/11,70.97,72.68,72.76,70.51,783.96K,-3.01%
2018/10/10,73.17,74.66,75.08,72.38,652.74K,-2.39%
2018/10/9,74.96,74.21,75.28,74,623.54K,0.90%
2018/10/8,74.29,74.4,74.58,73.07,554.94K,-0.07%
2018/10/5,74.34,74.67,75.22,73.83,613.22K,0.01%
2018/10/4,74.33,76.18,76.47,73.88,687.95K,-2.72%
2018/10/3,76.41,75.12,76.9,74.3,698.82K,1.57%
2018/10/2,75.23,75.42,75.91,74.93,463.62K,-0.09%
2018/10/1,75.3,73.29,75.77,72.95,601.45K,2.80%
2018/9/28,73.25,72.18,73.73,71.88,544.05K,1.57%
2018/9/27,72.12,72.01,72.6,71.71,454.55K,0.77%
2018/9/26,71.57,72.09,72.38,71.47,464.46K,-0.98%
2018/9/25,72.28,72.25,72.78,71.89,551.28K,0.28%
2018/9/24,72.08,71.14,72.74,71.14,576.89K,1.84%
2018/9/21,70.78,70.2,71.8,69.98,855.94K,-0.03%
2018/9/20,70.8,71.39,71.81,70.73,28.40K,-0.45%
2018/9/19,71.12,69.71,71.5,69.65,125.21K,1.82%
2018/9/18,69.85,68.8,70.42,68.53,234.20K,1.36%
2018/9/17,68.91,68.93,69.72,68.53,422.29K,-0.12%
2018/9/14,68.99,68.79,69.91,67.94,611.08K,0.58%
2018/9/13,68.59,70.24,70.28,68.35,684.94K,-2.53%
2018/9/12,70.37,69.89,71.26,69.5,800.54K,1.62%
2018/9/11,69.25,67.53,70.01,67.48,676.87K,2.53%
2018/9/10,67.54,67.82,68.52,67.33,571.17K,-0.31%
2018/9/7,67.75,67.88,68.08,66.86,530.90K,-0.03%
2018/9/6,67.77,68.64,69.02,67,633.82K,-1.38%
2018/9/5,68.72,69.43,69.59,68.56,542.10K,-1.65%
2018/9/4,69.87,69.89,71.4,69.08,785.98K,-0.36%
2018/9/3,70.12,69.91,70.2,69.54,-,0.29%
2018/9/2,69.92,69.91,69.99,69.88,-,0.17%
2018/8/31,69.8,70.06,70.36,69.64,419.74K,-0.64%
2018/8/30,70.25,69.71,70.5,69.55,445.58K,1.06%
2018/8/29,69.51,68.54,69.76,68.37,497.10K,1.43%
2018/8/28,68.53,68.93,69.2,68.21,426.83K,-0.49%
2018/8/27,68.87,68.57,68.97,68.34,332.61K,0.22%
2018/8/24,68.72,67.9,69.31,67.78,517.80K,1.31%
2018/8/23,67.83,68.07,68.12,67.32,450.69K,-0.04%
2018/8/22,67.86,66.08,68.15,65.98,581.90K,0.76%
2018/8/21,67.35,66.62,68.1,66.52,27.15K,1.38%
2018/8/20,66.43,65.91,66.68,65.59,112.71K,0.79%
2018/8/17,65.91,65.47,66.39,65.3,171.40K,0.69%
2018/8/16,65.46,64.95,65.52,64.43,383.38K,0.69%
2018/8/15,65.01,66.62,66.9,64.51,573.47K,-3.03%
2018/8/14,67.04,67.42,68.37,66.58,538.48K,-0.24%
2018/8/13,67.2,67.78,67.95,65.71,578.22K,-0.64%
2018/8/10,67.63,66.74,67.87,66.14,524.49K,1.23%
2018/8/9,66.81,66.79,67.41,66.49,509.40K,-0.19%
2018/8/8,66.94,69.09,69.37,66.32,760.31K,-3.22%
2018/8/7,69.17,68.9,69.83,68.81,485.03K,0.23%
2018/8/6,69.01,68.65,69.92,68.5,495.61K,0.76%
2018/8/3,68.49,68.99,69.24,67.87,476.62K,-0.68%
2018/8/2,68.96,67.86,69.36,66.92,531.07K,1.92%
2018/8/1,67.66,68.43,68.52,67.31,576.56K,-1.60%
2018/7/31,68.76,70.05,70.22,67.98,519.07K,-1.95%
2018/7/30,70.13,69.01,70.43,68.8,463.01K,2.10%
2018/7/27,68.69,69.58,69.77,68.26,460.45K,-1.32%
2018/7/26,69.61,69.38,69.92,68.92,489.06K,0.45%
2018/7/25,69.3,68.77,69.7,68.2,622.91K,1.14%
2018/7/24,68.52,67.8,69.05,67.56,524.59K,0.93%
2018/7/23,67.89,68.17,69.31,67.6,555.92K,-3.65%
2018/7/20,70.46,69.39,71.1,69.37,25.56K,1.44%
2018/7/19,69.46,69,70.17,67.8,103.22K,1.02%
2018/7/18,68.76,67.61,69.06,67.04,187.31K,1.00%
2018/7/17,68.08,68.03,68.44,67.03,440.73K,0.03%
2018/7/16,68.06,70.52,70.87,67.58,530.48K,-4.15%
2018/7/13,71.01,70.38,71.66,69.84,530.28K,0.97%
2018/7/12,70.33,70.6,71.24,69.23,707.89K,-0.07%
2018/7/11,70.38,74.2,74.26,70.02,861.73K,-5.03%
2018/7/10,74.11,74.04,74.7,73.65,586.83K,0.35%
2018/7/9,73.85,73.87,74.28,72.99,533.00K,0.07%
2018/7/6,73.8,73.16,74.01,72.14,611.42K,1.18%
2018/7/5,72.94,74.23,74.9,72.53,841.63K,-1.61%
2018/7/4,74.13,74.62,74.76,73.52,-,-0.01%
2018/7/3,74.14,74.08,75.27,72.73,667.24K,0.27%
2018/7/2,73.94,73.62,74.35,72.51,652.17K,-0.28%
2018/6/29,74.15,73.33,74.46,72.93,602.40K,0.95%
2018/6/28,73.45,72.27,74.03,72.2,717.35K,0.95%
2018/6/27,72.76,70.68,73.06,70.56,775.16K,3.16%
2018/6/26,70.53,68.21,70.91,67.72,848.54K,3.60%
2018/6/25,68.08,68.75,69.44,67.78,816.21K,-0.73%
2018/6/22,68.58,65.93,69.38,65.71,1.14M,4.64%
2018/6/21,65.54,65.34,66.22,64.34,760.72K,-1.03%
2018/6/20,66.22,65.11,66.53,65.01,30.65K,1.77%
2018/6/19,65.07,65.82,65.9,64.39,122.65K,-1.18%
2018/6/18,65.85,64.4,65.98,63.59,218.93K,1.21%
2018/6/15,65.06,67,67.09,64.29,512.59K,-2.74%
2018/6/14,66.89,66.62,67.16,66.36,460.17K,0.38%
2018/6/13,66.64,66.01,66.89,65.52,626.40K,0.42%
2018/6/12,66.36,66.05,66.7,65.87,524.41K,0.39%
2018/6/11,66.1,65.56,66.35,64.85,558.28K,0.55%
2018/6/8,65.74,65.98,66.24,65.15,571.22K,-0.32%
2018/6/7,65.95,65.07,66.07,64.81,675.04K,1.88%
2018/6/6,64.73,65.51,65.96,64.27,708.83K,-1.21%
2018/6/5,65.52,64.94,65.57,64.22,714.67K,1.19%
2018/6/4,64.75,65.71,66.04,64.57,696.05K,-1.61%
2018/6/1,65.81,67.07,67.34,65.51,781.10K,-1.83%
2018/5/31,67.04,68.24,68.3,66.56,917.56K,-1.72%
2018/5/30,68.21,66.85,68.67,66.35,726.89K,2.22%
2018/5/29,66.73,67.55,67.55,65.8,1.06M,-0.48%
2018/5/28,67.05,67.39,67.41,65.81,-,-0.46%
2018/5/27,67.36,67.44,67.48,67.02,-,-0.77%
2018/5/25,67.88,70.65,70.8,67.42,955.35K,-4.00%
2018/5/24,70.71,71.83,72,70.52,640.73K,-1.57%
2018/5/23,71.84,72.11,72.26,71.19,702.79K,-0.40%
2018/5/22,72.13,72.53,72.83,71.9,31.97K,-0.15%
2018/5/21,72.24,71.47,72.59,71.25,119.89K,1.35%
2018/5/18,71.28,71.6,71.75,70.99,211.79K,-0.29%
2018/5/17,71.49,71.56,72.3,71.09,562.64K,0.00%
2018/5/16,71.49,71.02,71.59,70.66,574.28K,0.25%
2018/5/15,71.31,71.15,71.92,70.42,815.29K,0.49%
2018/5/14,70.96,70.54,71.26,70.26,592.83K,0.37%
2018/5/11,70.7,71.45,71.63,70.45,634.15K,-0.92%
2018/5/10,71.36,71.23,71.89,70.56,749.81K,0.31%
2018/5/9,71.14,70.05,71.36,69.85,863.39K,3.01%
2018/5/8,69.06,70.03,70.4,67.63,1.25M,-2.36%
2018/5/7,70.73,69.85,70.84,69.51,758.92K,1.45%
2018/5/4,69.72,68.5,69.97,68.12,690.88K,1.89%
2018/5/3,68.43,67.68,68.6,67.21,691.22K,0.74%
2018/5/2,67.93,67.49,68.14,66.92,789.37K,1.01%
2018/5/1,67.25,68.56,68.9,66.85,694.77K,-1.93%
2018/4/30,68.57,68.15,69.34,67.17,755.19K,0.69%
2018/4/27,68.1,68.21,68.36,67.64,542.55K,-0.13%
2018/4/26,68.19,68.03,68.78,67.71,660.55K,0.21%
2018/4/25,68.05,67.75,68.18,67.11,764.05K,0.52%
2018/4/24,67.7,68.95,69.38,67.54,832.30K,-1.37%
2018/4/23,68.64,68.22,69.03,67.14,740.94K,0.38%
2018/4/20,68.38,68.26,68.62,67.5,32.95K,0.13%
2018/4/19,68.29,68.75,69.56,67.98,125.99K,-0.26%
2018/4/18,68.47,66.68,68.91,66.56,221.66K,2.93%
2018/4/17,66.52,66.42,66.75,65.56,486.08K,0.45%
2018/4/16,66.22,67.24,67.74,66.13,560.08K,-1.74%
2018/4/13,67.39,67.18,67.76,66.7,624.20K,0.48%
2018/4/12,67.07,66.75,67.33,66,687.47K,0.37%
2018/4/11,66.82,65.59,67.45,65.15,963.02K,2.00%
2018/4/10,65.51,63.3,65.86,63.2,840.28K,3.30%
2018/4/9,63.42,62,63.61,61.93,655.83K,2.19%
2018/4/6,62.06,63.7,63.79,61.81,753.26K,-2.33%
2018/4/5,63.54,63.6,64.12,63.07,588.60K,0.27%
2018/4/4,63.37,63.59,63.64,62.06,760.60K,-0.22%
2018/4/3,63.51,62.89,63.86,62.86,527.29K,0.79%
2018/4/2,63.01,64.91,65.42,62.8,582.74K,-2.97%
2018/3/29,64.94,64.69,65.26,64.16,562.82K,0.87%
2018/3/28,64.38,64.7,65.13,63.72,697.68K,-1.33%
2018/3/27,65.25,65.53,66.41,64.53,670.81K,-0.46%
2018/3/26,65.55,65.9,66.55,65.08,585.90K,-0.50%
2018/3/23,65.88,64.28,66,64.11,752.99K,2.46%
2018/3/22,64.3,65.5,65.74,64.14,689.17K,-1.33%
2018/3/21,65.17,63.72,65.55,63.58,763.77K,2.79%
2018/3/20,63.4,62.1,63.81,62.08,36.06K,2.16%
2018/3/19,62.06,62.23,62.35,61.36,115.96K,-0.45%
2018/3/16,62.34,61.19,62.54,61.08,202.49K,1.88%
2018/3/15,61.19,60.95,61.54,60.82,430.20K,0.38%
2018/3/14,60.96,60.87,61.33,60.11,665.02K,0.41%
2018/3/13,60.71,61.37,61.97,60.27,747.74K,-1.06%
2018/3/12,61.36,62.1,62.33,60.67,537.99K,-1.10%
2018/3/9,62.04,60.27,62.18,60.14,659.72K,3.19%
2018/3/8,60.12,61.33,61.4,59.95,720.51K,-1.68%
2018/3/7,61.15,62.3,62.58,60.58,879.12K,-2.32%
2018/3/6,62.6,62.58,63.28,62.17,634.95K,0.05%
2018/3/5,62.57,61.55,62.79,61.1,599.27K,2.16%
2018/3/2,61.25,61.34,61.6,60.13,613.51K,0.43%
2018/3/1,60.99,61.55,61.83,60.18,812.51K,-1.05%
2018/2/28,61.64,62.79,63.44,61.36,768.41K,-2.17%
2018/2/27,63.01,64.06,64.08,62.64,562.67K,-1.41%
2018/2/26,63.91,63.6,64.24,63.06,469.85K,0.57%
2018/2/23,63.55,62.6,63.73,62.33,460.60K,1.24%
2018/2/22,62.77,61.34,63.09,60.75,592.60K,1.77%
2018/2/21,61.68,61.63,61.86,60.92,466.92K,-0.36%
2018/2/20,61.9,61.63,62.74,61.58,50.21K,-0.77%
2018/2/19,62.38,61.71,62.49,61.67,-,1.07%
2018/2/18,61.72,61.51,61.74,61.51,-,0.06%
2018/2/16,61.68,61.45,61.99,60.88,181.18K,0.55%
2018/2/15,61.34,60.71,61.64,59.72,340.40K,1.22%
2018/2/14,60.6,58.98,60.9,58.2,650.32K,2.38%
2018/2/13,59.19,59.35,59.73,58.39,580.60K,-0.17%
2018/2/12,59.29,59.12,60.83,59.1,736.92K,0.15%
2018/2/9,59.2,60.43,60.77,58.07,933.31K,-3.19%
2018/2/8,61.15,61.7,62.09,60.27,929.58K,-1.04%
2018/2/7,61.79,63.92,64.18,61.25,1.03M,-2.52%
2018/2/6,63.39,63.43,64.29,63.12,797.81K,-1.18%
2018/2/5,64.15,65.1,65.4,63.42,891.06K,-1.99%
2018/2/2,65.45,65.99,66.3,64.47,857.57K,-0.53%
2018/2/1,65.8,64.76,66.25,64.63,685.75K,1.65%
2018/1/31,64.73,64.03,64.94,63.67,613.26K,0.36%
2018/1/30,64.5,65.53,65.56,63.89,688.38K,-1.62%
2018/1/29,65.56,66.18,66.46,64.98,656.17K,-0.88%
2018/1/26,66.14,65.25,66.35,64.91,678.19K,0.96%
2018/1/25,65.51,65.88,66.66,65.08,771.76K,-0.15%
2018/1/24,65.61,64.42,66.05,64.34,887.02K,1.77%
2018/1/23,64.47,63.88,64.88,63.7,662.46K,1.54%
2018/1/22,63.49,63.61,64.14,63.17,40.06K,0.19%
2018/1/19,63.37,63.74,63.77,62.85,142.71K,-0.91%
2018/1/18,63.95,64.07,64.35,63.47,204.50K,-0.03%
2018/1/17,63.97,63.89,64.17,63.31,444.38K,0.38%
2018/1/16,63.73,64.43,64.89,63.39,867.77K,-1.54%
2018/1/15,64.73,64.28,64.89,64.11,-,0.70%
2018/1/14,64.28,64.42,64.44,64.19,-,-0.03%
2018/1/12,64.3,63.57,64.5,63.06,678.73K,0.78%
2018/1/11,63.8,63.5,64.77,63.43,876.64K,0.36%
2018/1/10,63.57,63.41,63.67,63.09,697.84K,0.97%
2018/1/9,62.96,61.92,63.48,61.8,844.72K,1.99%
2018/1/8,61.73,61.61,61.97,61.34,616.47K,0.47%
2018/1/5,61.44,61.9,62.04,61.09,563.04K,-0.92%
2018/1/4,62.01,61.96,62.21,61.59,654.36K,0.62%
2018/1/3,61.63,60.39,61.97,60.28,673.86K,2.09%
2018/1/2,60.37,60.2,60.74,60.1,510.31K,0.22%
2018/1/1,60.24,60.26,60.28,60.15,-,-0.30%
2017/12/29,60.42,59.91,60.51,59.82,464.48K,0.97%
2017/12/28,59.84,59.53,59.94,59.44,345.96K,0.34%
2017/12/27,59.64,59.79,59.93,59.33,402.40K,-0.55%
2017/12/26,59.97,58.4,60.01,58.32,437.79K,2.36%
2017/12/25,58.59,58.41,58.62,58.38,-,0.21%
2017/12/22,58.47,58.21,58.5,57.87,324.55K,0.19%
2017/12/21,58.36,58.02,58.38,57.63,405.32K,0.46%
2017/12/20,58.09,57.66,58.12,57.44,420.84K,1.10%
2017/12/19,57.46,57.3,57.64,57.16,36.29K,0.52%
2017/12/18,57.16,57.37,57.78,56.82,137.15K,-0.24%
2017/12/15,57.3,57.15,57.49,56.94,210.05K,0.46%
2017/12/14,57.04,56.7,57.22,56.09,580.57K,0.78%
2017/12/13,56.6,57.45,57.83,56.55,658.14K,-0.95%
2017/12/12,57.14,58.02,58.56,56.85,826.49K,-1.47%
2017/12/11,57.99,57.25,58.08,56.91,606.72K,1.10%
2017/12/8,57.36,56.65,57.79,56.54,681.60K,1.18%
2017/12/7,56.69,56,56.78,55.82,557.33K,1.30%
2017/12/6,55.96,57.45,57.57,55.87,678.99K,-2.88%
2017/12/5,57.62,57.48,57.92,57.08,499.25K,0.26%
2017/12/4,57.47,58.32,58.34,57.35,529.97K,-1.53%
2017/12/1,58.36,57.42,58.88,57.29,685.22K,1.67%
2017/11/30,57.4,57.41,57.98,56.82,735.13K,0.17%
2017/11/29,57.3,57.73,58.3,56.75,741.56K,-1.19%
2017/11/28,57.99,57.86,58.11,57.42,546.53K,-0.21%
2017/11/27,58.11,58.95,58.99,57.55,690.08K,-1.42%
2017/11/24,58.95,58.05,59.05,57.75,577.83K,0.98%
2017/11/23,58.38,57.97,58.58,57.76,-,0.62%
2017/11/22,58.02,57.12,58.15,57.03,837.41K,2.09%
2017/11/21,56.83,56.38,57.22,56.32,619.07K,1.32%
2017/11/20,56.09,56.69,56.76,55.57,37.70K,-0.81%
2017/11/17,56.55,55.25,56.68,55.18,184.94K,2.56%
2017/11/16,55.14,55.3,55.62,54.93,213.92K,-0.34%
2017/11/15,55.33,55.06,55.56,54.88,501.39K,-0.66%
2017/11/14,55.7,56.72,56.77,54.81,707.34K,-1.87%
2017/11/13,56.76,56.9,57.15,56.3,631.62K,0.04%
2017/11/10,56.74,57.02,57.35,56.55,541.30K,-0.75%
2017/11/9,57.17,56.85,57.53,56.69,666.95K,0.63%
2017/11/8,56.81,56.96,57.92,56.41,919.15K,-0.68%
2017/11/7,57.2,57.27,57.69,56.83,750.19K,-0.26%
2017/11/6,57.35,55.97,57.61,55.66,861.71K,3.07%
2017/11/3,55.64,54.73,55.76,54.4,614.16K,2.02%
2017/11/2,54.54,54.28,54.84,53.99,482.85K,0.44%
2017/11/1,54.3,54.65,55.22,53.89,671.04K,-0.15%
2017/10/31,54.38,54.08,54.85,53.93,497.30K,0.42%
2017/10/30,54.15,54.16,54.46,53.75,565.04K,0.46%
2017/10/27,53.9,52.8,54.2,52.25,730.92K,2.39%
2017/10/26,52.64,52.19,52.86,51.91,594.65K,0.88%
2017/10/25,52.18,52.56,52.57,51.89,681.74K,-0.55%
2017/10/24,52.47,51.89,52.62,51.55,709.55K,1.10%
2017/10/23,51.9,52.07,52.3,51.68,583.56K,0.84%
2017/10/20,51.47,51.42,51.73,50.7,32.96K,0.35%
2017/10/19,51.29,52.05,52.17,51.07,127.41K,-1.44%
2017/10/18,52.04,51.94,52.33,51.69,152.62K,0.31%
2017/10/17,51.88,51.93,52.25,51.21,471.61K,0.02%
2017/10/16,51.87,51.43,52.37,51.35,520.73K,0.82%
2017/10/13,51.45,50.73,51.72,50.7,667.50K,1.68%
2017/10/12,50.6,51,51.13,50.15,729.27K,-1.36%
2017/10/11,51.3,50.94,51.42,50.61,651.95K,0.75%
2017/10/10,50.92,49.55,51.06,49.54,664.84K,2.70%
2017/10/9,49.58,49.25,49.79,49.13,505.08K,0.59%
2017/10/6,49.29,50.75,50.82,49.1,743.11K,-2.95%
2017/10/5,50.79,49.88,51.22,49.85,654.39K,1.62%
2017/10/4,49.98,50.16,50.67,49.76,598.84K,-0.87%
2017/10/3,50.42,50.59,50.73,50.14,462.74K,-0.32%
2017/10/2,50.58,51.64,51.71,50.07,600.93K,-2.11%
2017/9/29,51.67,51.58,51.77,51.25,551.98K,0.21%
2017/9/28,51.56,52.05,52.86,51.22,801.82K,-1.11%
2017/9/27,52.14,52.09,52.34,51.63,637.04K,0.50%
2017/9/26,51.88,52.12,52.43,51.43,709.52K,-0.65%
2017/9/25,52.22,50.68,52.28,50.39,701.24K,3.08%
2017/9/22,50.66,50.73,50.78,50.29,473.80K,0.22%
2017/9/21,50.55,50.72,50.81,50.07,580.57K,0.28%
2017/9/20,50.41,49.84,50.65,49.75,35.49K,1.88%
2017/9/19,49.48,49.91,50.42,49.33,143.38K,-0.86%
2017/9/18,49.91,49.85,50.33,49.19,189.61K,0.04%
2017/9/15,49.89,49.72,50.13,49.41,433.60K,0.00%
2017/9/14,49.89,49.31,50.5,49.15,709.04K,1.20%
2017/9/13,49.3,48.34,49.4,48.12,706.93K,2.22%
2017/9/12,48.23,48.12,48.44,47.73,676.04K,0.33%
2017/9/11,48.07,47.58,48.27,47,774.47K,1.24%
2017/9/8,47.48,49.09,49.26,47.27,843.76K,-3.28%
2017/9/7,49.09,49.14,49.33,48.63,702.51K,-0.14%
2017/9/6,49.16,48.59,49.42,48.52,788.96K,1.03%
2017/9/5,48.66,47.28,48.98,47.15,1.03M,2.64%
2017/9/4,47.41,47.31,47.66,47.16,-,0.19%
2017/9/3,47.32,47.31,47.42,47.3,-,0.06%
2017/9/1,47.29,47.08,47.35,46.56,742.81K,0.13%
2017/8/31,47.23,45.95,47.47,45.58,915.71K,2.76%
2017/8/30,45.96,46.31,46.72,45.84,882.98K,-1.03%
2017/8/29,46.44,46.86,46.96,45.76,895.64K,-0.28%
2017/8/28,46.57,47.89,48.2,46.15,921.29K,-2.72%
2017/8/25,47.87,47.62,47.91,47.39,646.52K,0.93%
2017/8/24,47.43,48.36,48.43,47.06,831.36K,-2.02%
2017/8/23,48.41,47.64,48.5,47.53,701.69K,1.62%
2017/8/22,47.64,47.45,48.03,47.2,38.40K,0.57%
2017/8/21,47.37,48.72,48.75,47.03,129.19K,-2.35%
2017/8/18,48.51,46.93,48.74,46.78,253.07K,3.02%
2017/8/17,47.09,46.8,47.19,46.46,608.31K,0.66%
2017/8/16,46.78,47.72,47.99,46.67,815.54K,-1.62%
2017/8/15,47.55,47.49,47.9,47.02,770.36K,-0.08%
2017/8/14,47.59,48.79,49.16,47.43,763.24K,-2.52%
2017/8/11,48.82,48.52,48.98,47.98,804.24K,0.47%
2017/8/10,48.59,49.68,50.22,48.35,1.14M,-1.96%
2017/8/9,49.56,49,49.72,48.9,858.25K,0.79%
2017/8/8,49.17,49.31,49.79,48.86,924.24K,-0.45%
2017/8/7,49.39,49.59,49.73,48.54,831.37K,-0.38%
2017/8/4,49.58,48.95,49.64,48.5,745.66K,1.12%
2017/8/3,49.03,49.59,49.96,48.78,837.76K,-1.13%
2017/8/2,49.59,48.8,49.65,48.55,847.72K,0.87%
2017/8/1,49.16,50.21,50.43,48.37,1.01M,-2.01%
2017/7/31,50.17,49.85,50.41,49.18,781.54K,0.93%
2017/7/28,49.71,49.17,49.81,48.86,771.23K,1.37%
2017/7/27,49.04,48.7,49.24,48.25,880.76K,0.59%
2017/7/26,48.75,48.51,48.87,47.86,887.86K,1.80%
2017/7/25,47.89,46.46,48.66,46.38,885.70K,3.34%
2017/7/24,46.34,45.62,46.53,45.4,707.91K,1.25%
2017/7/21,45.77,46.91,47.21,45.54,769.44K,-2.18%
2017/7/20,46.79,47.09,47.55,46.66,23.24K,-0.70%
2017/7/19,47.12,46.25,47.26,46.14,140.68K,1.55%
2017/7/18,46.4,45.99,46.92,45.81,208.42K,0.83%
2017/7/17,46.02,46.68,46.88,45.89,560.63K,-1.12%
2017/7/14,46.54,46.08,46.74,45.8,742.90K,1.00%
2017/7/13,46.08,45.44,46.28,44.99,748.97K,1.30%
2017/7/12,45.49,45.74,46.48,45.11,963.51K,1.00%
2017/7/11,45.04,44.58,45.81,43.83,1.01M,1.44%
2017/7/10,44.4,44.35,44.84,43.65,848.57K,0.38%
2017/7/7,44.23,45.35,45.42,43.78,975.91K,-2.83%
2017/7/6,45.52,45.65,46.53,45.18,969.68K,0.86%
2017/7/5,45.13,47.04,47.32,44.51,1.17M,-4.24%
2017/7/4,47.13,47.06,47.31,46.74,-,0.13%
2017/7/3,47.07,46.28,47.1,45.92,517.62K,2.24%
2017/6/30,46.04,44.89,46.35,44.88,677.41K,2.47%
2017/6/29,44.93,44.89,45.45,44.65,768.95K,0.42%
2017/6/28,44.74,43.7,44.9,43.67,753.38K,1.13%
2017/6/27,44.24,43.49,44.44,43.32,759.12K,1.98%
2017/6/26,43.38,43.16,43.65,42.63,661.35K,0.86%
2017/6/23,43.01,42.8,43.2,42.53,690.91K,0.63%
2017/6/22,42.74,42.55,43.32,42.26,668.83K,0.49%
2017/6/21,42.53,43.38,44.2,42.05,1.07M,-1.62%
2017/6/20,43.23,44.11,44.4,42.75,29.57K,-2.19%
2017/6/19,44.2,44.68,45.06,44.05,123.94K,-1.21%
2017/6/16,44.74,44.25,44.94,44.24,191.82K,0.63%
2017/6/15,44.46,44.69,44.81,44.22,500.94K,-0.60%
2017/6/14,44.73,45.94,46.49,44.54,924.41K,-3.72%
2017/6/13,46.46,46.01,46.57,45.56,783.32K,0.82%
2017/6/12,46.08,45.8,46.71,45.66,666.77K,0.55%
2017/6/9,45.83,45.71,46.18,45.27,735.93K,0.42%
2017/6/8,45.64,45.85,46.18,45.2,927.70K,-0.17%
2017/6/7,45.72,47.98,48.23,45.65,1.18M,-5.13%
2017/6/6,48.19,47.4,48.4,46.94,825.06K,1.67%
2017/6/5,47.4,47.71,48.42,46.86,710.20K,-0.55%
2017/6/2,47.66,48.04,48.19,46.74,802.66K,-1.45%
2017/6/1,48.36,48.63,49.17,47.9,774.48K,0.08%
2017/5/31,48.32,49.65,49.71,47.73,779.14K,-2.70%
2017/5/30,49.66,49.93,50.28,49.03,663.49K,-0.62%
2017/5/29,49.97,49.95,50.29,49.52,-,0.06%
2017/5/28,49.94,49.93,50.04,49.85,-,0.28%
2017/5/26,49.8,48.75,49.94,48.18,763.92K,1.84%
2017/5/25,48.9,51.25,52,48.45,1.15M,-4.79%
2017/5/24,51.36,51.44,51.88,51.03,736.34K,-0.21%
2017/5/23,51.47,51.04,51.79,50.57,584.14K,1.46%
2017/5/22,50.73,50.6,51.06,50.44,30.01K,0.79%
2017/5/19,50.33,49.28,50.53,49.28,146.45K,1.99%
2017/5/18,49.35,48.93,49.6,48.05,242.75K,0.57%
2017/5/17,49.07,48.23,49.5,48.03,650.11K,0.84%
2017/5/16,48.66,48.82,49.38,48.17,589.21K,-0.39%
2017/5/15,48.85,47.85,49.66,47.75,687.15K,2.11%
2017/5/12,47.84,47.81,48.07,47.35,537.49K,0.02%
2017/5/11,47.83,47.39,48.22,47.34,661.78K,1.06%
2017/5/10,47.33,46.18,47.78,46.01,819.80K,3.16%
2017/5/9,45.88,46.49,46.78,45.53,701.94K,-1.18%
2017/5/8,46.43,46.35,46.98,45.73,785.06K,0.45%
2017/5/5,46.22,45.51,46.68,43.76,1.02M,1.54%
2017/5/4,45.52,47.6,47.75,45.29,943.96K,-4.81%
2017/5/3,47.82,48.12,48.23,47.3,691.32K,0.34%
2017/5/2,47.66,48.78,49.28,47.35,702.38K,-2.42%
2017/5/1,48.84,49.17,49.32,48.59,364.39K,-0.99%
2017/4/28,49.33,49.27,49.76,48.8,633.99K,0.74%
2017/4/27,48.97,49.22,49.43,48.2,771.19K,-1.31%
2017/4/26,49.62,49.36,50.2,48.94,655.72K,0.12%
2017/4/25,49.56,49.22,49.83,48.87,587.24K,0.67%
2017/4/24,49.23,49.68,50.22,49.03,517.90K,-0.79%
2017/4/21,49.62,50.71,50.93,49.2,687.47K,-1.29%
2017/4/20,50.27,50.63,50.97,50.18,33.75K,-0.34%
2017/4/19,50.44,52.36,52.65,50.09,133.17K,-3.76%
2017/4/18,52.41,52.75,52.85,52.1,202.04K,-0.46%
2017/4/17,52.65,52.97,53.21,52.55,326.34K,-1.00%
2017/4/13,53.18,52.85,53.39,52.82,480.84K,0.13%
2017/4/12,53.11,53.4,53.76,52.71,629.81K,-0.54%
2017/4/11,53.4,53.13,53.45,52.7,598.00K,0.60%
2017/4/10,53.08,52.31,53.18,52.29,565.44K,1.61%
2017/4/7,52.24,51.7,52.94,51.49,796.44K,1.04%
2017/4/6,51.7,50.8,51.82,50.77,473.02K,1.08%
2017/4/5,51.15,51.18,51.88,50.74,651.40K,0.24%
2017/4/4,51.03,50.24,51.3,49.88,532.05K,1.57%
2017/4/3,50.24,50.69,50.83,50.12,440.72K,-0.71%
2017/3/31,50.6,50.32,50.85,49.9,527.61K,0.50%
2017/3/30,50.35,49.6,50.47,49.27,580.67K,1.70%
2017/3/29,49.51,48.47,49.63,48.38,548.62K,2.36%
2017/3/28,48.37,47.89,48.74,47.8,502.38K,1.34%
2017/3/27,47.73,48.12,48.28,47.08,466.18K,-0.50%
2017/3/24,47.97,47.67,48.2,47.54,421.03K,0.57%
2017/3/23,47.7,48.15,48.48,47.58,499.88K,-0.71%
2017/3/22,48.04,48.16,48.32,47.01,680.85K,1.48%
2017/3/21,47.34,47.93,48.73,47.23,28.08K,-1.82%
2017/3/20,48.22,48.7,48.74,47.84,142.26K,-1.15%
2017/3/17,48.78,48.79,49.2,48.6,172.34K,0.06%
2017/3/16,48.75,49.01,49.62,48.45,516.85K,-0.23%
2017/3/15,48.86,48.76,49.04,48.16,655.79K,2.39%
2017/3/14,47.72,48.45,48.79,47.09,857.71K,-1.40%
2017/3/13,48.4,48.45,48.68,47.9,601.36K,-0.19%
2017/3/10,48.49,49.61,50.11,48.31,796.96K,-1.60%
2017/3/9,49.28,50.22,50.84,48.59,1.07M,-1.99%
2017/3/8,50.28,52.79,52.92,50.05,963.39K,-5.38%
2017/3/7,53.14,53.17,53.8,52.71,494.68K,-0.11%
2017/3/6,53.2,53.19,53.56,52.76,503.69K,-0.24%
2017/3/3,53.33,52.58,53.39,52.55,436.36K,1.37%
2017/3/2,52.61,53.69,53.8,52.54,638.39K,-2.27%
2017/3/1,53.83,53.95,54.44,53.63,491.29K,-0.33%
2017/2/28,54.01,54.04,54.23,53.18,593.91K,-0.07%
2017/2/27,54.05,54.02,54.61,53.94,394.38K,0.11%
2017/2/24,53.99,54.33,54.51,53.76,395.26K,-0.84%
2017/2/23,54.45,53.91,54.94,53.87,529.88K,1.60%
2017/2/22,53.59,54.26,54.6,53.35,499.48K,-0.87%
2017/2/21,54.06,53.48,54.68,53.35,44.05K,0.17%
2017/2/20,53.97,53.78,54.24,53.73,-,0.33%
2017/2/19,53.79,53.86,53.96,53.78,-,0.73%
2017/2/17,53.4,53.47,53.52,52.88,195.35K,0.07%
2017/2/16,53.36,53.01,53.59,52.68,343.36K,0.47%
2017/2/15,53.11,53,53.51,52.73,463.64K,-0.17%
2017/2/14,53.2,52.91,53.72,52.86,493.02K,0.51%
2017/2/13,52.93,53.8,53.95,52.77,586.03K,-1.73%
2017/2/10,53.86,53.15,54.13,52.9,596.45K,1.62%
2017/2/9,53,52.37,53.21,52.37,610.20K,1.26%
2017/2/8,52.34,51.64,52.67,51.22,767.38K,0.33%
2017/2/7,52.17,53.14,53.24,51.63,624.06K,-1.58%
2017/2/6,53.01,53.81,54.13,52.91,425.09K,-1.52%
2017/2/3,53.83,53.68,54.22,53.4,462.62K,0.54%
2017/2/2,53.54,53.57,54.34,53.35,492.55K,-0.63%
2017/2/1,53.88,52.76,53.91,52.64,577.24K,2.03%
2017/1/31,52.81,52.6,53.56,52.24,586.68K,0.34%
2017/1/30,52.63,53.15,53.46,52.41,486.31K,-1.02%
2017/1/27,53.17,53.74,54.08,52.58,495.56K,-1.13%
2017/1/26,53.78,52.96,54.06,52.79,578.07K,1.95%
2017/1/25,52.75,52.95,53.47,52.56,589.71K,-0.81%
2017/1/24,53.18,52.86,53.56,52.67,520.29K,0.82%
2017/1/23,52.75,53.33,53.47,52.21,455.33K,0.63%
2017/1/20,52.42,51.45,52.9,51.39,-,2.04%
2017/1/19,51.37,51.39,51.87,51.02,122.59K,0.57%
2017/1/18,51.08,52.52,52.79,50.91,236.24K,-2.67%
2017/1/17,52.48,52.55,53.52,52.12,606.02K,-0.08%
2017/1/16,52.52,52.46,52.72,52.13,-,0.13%
2017/1/15,52.45,52.53,52.56,52.39,-,0.15%
2017/1/13,52.37,53.05,53.17,52.27,477.99K,-1.21%
2017/1/12,53.01,52.37,53.5,52.12,660.70K,1.45%
2017/1/11,52.25,50.81,52.78,50.75,815.85K,2.81%
2017/1/10,50.82,51.83,52.37,50.71,632.57K,-2.19%
2017/1/9,51.96,53.75,53.83,51.76,564.89K,-3.76%
2017/1/6,53.99,53.73,54.32,53.32,528.33K,0.43%
2017/1/5,53.76,53.39,54.12,52.79,517.36K,0.94%
2017/1/4,53.26,52.49,53.43,52.15,512.64K,1.78%
2017/1/3,52.33,54.2,55.24,52.11,727.79K,-3.15%
2017/1/2,54.03,54.09,54.18,54.01,-,0.58%
2016/12/30,53.72,53.87,54.09,53.41,271.09K,-0.09%
2016/12/29,53.77,53.66,54.21,53.46,360.19K,-0.54%
2016/12/28,54.06,53.93,54.37,53.56,322.54K,0.30%
2016/12/27,53.9,53.29,54.1,53.03,277.31K,1.33%
2016/12/26,53.19,53.33,53.34,53.14,-,0.32%
2016/12/23,53.02,52.68,53.28,52.26,285.17K,0.13%
2016/12/22,52.95,52.52,53.19,52.08,393.49K,0.88%
2016/12/21,52.49,53.56,53.79,52.32,471.99K,0.50%
2016/12/20,52.23,52.11,52.7,51.85,26.17K,0.21%
2016/12/19,52.12,52.15,52.52,51.51,129.99K,0.42%
2016/12/16,51.9,51.1,52.08,50.5,252.57K,1.96%
2016/12/15,50.9,50.79,51.48,49.95,551.76K,-0.27%
2016/12/14,51.04,52.45,52.78,50.67,677.96K,-3.66%
2016/12/13,52.98,52.51,53.41,52.35,638.40K,0.28%
2016/12/12,52.83,52.58,54.51,52.18,847.03K,2.58%
2016/12/9,51.5,50.92,51.66,50.86,652.04K,1.30%
2016/12/8,50.84,49.88,50.98,49.61,780.06K,2.15%
2016/12/7,49.77,50.93,51.2,49.72,816.88K,-2.28%
2016/12/6,50.93,50.97,51.6,50.28,642.75K,-1.66%
2016/12/5,51.79,51.46,52.42,50.93,600.78K,0.21%
2016/12/2,51.68,51.01,51.73,50.18,667.10K,1.21%
2016/12/1,51.06,49.07,51.8,48.98,974.81K,3.28%
2016/11/30,49.44,45.24,49.9,45.22,1.31M,9.31%
2016/11/29,45.23,46.88,46.98,44.82,732.82K,-3.93%
2016/11/28,47.08,45.43,47.65,45.14,734.38K,2.21%
2016/11/25,46.06,47.97,48.26,45.88,465.98K,-4.00%
2016/11/24,47.98,48.03,48.26,47.8,-,0.04%
2016/11/23,47.96,47.94,48.43,47.4,556.86K,-0.15%
2016/11/22,48.03,48.37,49.2,47.17,826.21K,1.14%
2016/11/21,47.49,45.83,47.8,45.77,34.92K,3.94%
2016/11/18,45.69,44.93,45.77,44.55,155.65K,0.59%
2016/11/17,45.42,45.37,46.58,44.88,284.87K,-0.33%
2016/11/16,45.57,45.77,46.41,45.03,658.17K,-0.52%
2016/11/15,45.81,43.76,46.09,43.55,706.18K,5.75%
2016/11/14,43.32,43.2,43.81,42.2,704.77K,-0.21%
2016/11/11,43.41,44.35,44.63,43.03,631.14K,-2.80%
2016/11/10,44.66,45.31,45.64,44.25,686.34K,-1.35%
2016/11/9,45.27,44.82,45.95,43.07,946.51K,0.64%
2016/11/8,44.98,44.97,45.39,44.41,669.64K,0.20%
2016/11/7,44.89,44.45,45.01,44.11,605.73K,1.86%
2016/11/4,44.07,44.63,44.87,43.57,736.69K,-1.32%
2016/11/3,44.66,45.48,45.9,44.37,540.44K,-1.50%
2016/11/2,45.34,46.32,46.47,44.96,674.32K,-2.85%
2016/11/1,46.67,46.77,47.35,46.2,834.99K,-0.41%
2016/10/31,46.86,48.25,48.74,46.63,649.24K,-3.78%
2016/10/28,48.7,49.61,49.81,48.42,550.08K,-2.05%
2016/10/27,49.72,49.22,50.06,49,543.17K,1.10%
2016/10/26,49.18,49.31,50.1,48.87,679.32K,-1.56%
2016/10/25,49.96,50.49,50.93,49.27,553.78K,-1.11%
2016/10/24,50.52,50.85,50.98,49.62,623.40K,-0.65%
2016/10/21,50.85,50.66,51.02,50.21,551.30K,0.83%
2016/10/20,50.43,51.4,51.58,50.25,24.86K,-2.27%
2016/10/19,51.6,50.77,51.93,50.69,132.43K,2.60%
2016/10/18,50.29,50.04,50.78,49.76,192.80K,0.70%
2016/10/17,49.94,50.23,50.58,49.47,418.72K,-0.81%
2016/10/14,50.35,50.58,51.14,49.9,519.43K,-0.18%
2016/10/13,50.44,50,50.59,49.36,740.68K,0.52%
2016/10/12,50.18,50.84,51.17,49.89,533.88K,-1.20%
2016/10/11,50.79,51.1,51.54,50.39,765.61K,-1.09%
2016/10/10,51.35,49.57,51.6,49.15,686.07K,3.09%
2016/10/7,49.81,50.59,50.74,49.4,618.81K,-1.25%
2016/10/6,50.44,49.65,50.63,49.33,547.92K,1.22%
2016/10/5,49.83,49.26,49.97,49.1,520.07K,2.34%
2016/10/4,48.69,48.65,49.26,48.26,513.71K,-0.25%
2016/10/3,48.81,48.04,49.02,47.78,458.02K,1.18%
2016/9/30,48.24,47.76,48.3,47.04,496.52K,0.86%
2016/9/29,47.83,47.2,48.32,46.6,702.65K,1.66%
2016/9/28,47.05,44.96,47.45,44.35,1.01M,5.33%
2016/9/27,44.67,45.62,45.96,44.19,630.76K,-2.74%
2016/9/26,45.93,44.62,46.2,44.43,527.12K,3.26%
2016/9/23,44.48,46.07,46.55,44.22,718.40K,-3.97%
2016/9/22,46.32,45.62,46.52,45.52,521.68K,2.16%
2016/9/21,45.34,44.5,45.65,44.5,585.99K,4.37%
2016/9/20,43.44,43.13,44.05,42.55,37.38K,0.32%
2016/9/19,43.3,43.18,44.15,43.12,129.86K,0.63%
2016/9/16,43.03,43.71,43.75,42.74,231.19K,-2.00%
2016/9/15,43.91,43.7,44.34,43.26,537.19K,0.76%
2016/9/14,43.58,45,45.33,43.42,705.86K,-2.94%
2016/9/13,44.9,46.06,46.13,44.77,657.78K,-3.00%
2016/9/12,46.29,45.57,46.51,44.72,745.02K,0.89%
2016/9/9,45.88,47.36,47.36,45.56,688.19K,-3.65%
2016/9/8,47.62,46.12,47.75,45.77,761.94K,4.66%
2016/9/7,45.5,44.85,46.17,44.55,572.88K,1.49%
2016/9/6,44.83,44.15,46.53,43.84,932.15K,-0.53%
2016/9/5,45.07,44.12,46.53,44.07,-,2.18%
2016/9/4,44.11,44.15,44.38,44.1,-,-0.74%
2016/9/2,44.44,43.55,44.67,43.16,576.92K,2.97%
2016/9/1,43.16,44.85,45.08,43,605.00K,-3.45%
2016/8/31,44.7,46.24,46.41,44.51,549.01K,-3.56%
2016/8/30,46.35,46.98,47.49,46.21,464.45K,-1.34%
2016/8/29,46.98,47.22,47.28,46.62,309.25K,-1.39%
2016/8/26,47.64,47.37,48.46,46.94,558.34K,0.65%
2016/8/25,47.33,46.8,47.46,46.42,458.82K,1.20%
2016/8/24,46.77,47.59,47.74,46.45,603.50K,-2.77%
2016/8/23,48.1,47.39,48.32,46.59,623.90K,2.23%
2016/8/22,47.05,48.4,48.4,46.75,36.53K,-3.03%
2016/8/19,48.52,48.33,48.75,47.93,162.44K,0.62%
2016/8/18,48.22,46.9,48.38,46.63,229.28K,3.06%
2016/8/17,46.79,46.37,46.95,45.84,563.35K,0.45%
2016/8/16,46.58,45.59,46.73,45.34,550.44K,1.84%
2016/8/15,45.74,44.74,45.93,44.38,522.53K,2.81%
2016/8/12,44.49,43.46,44.78,43.31,536.08K,2.30%
2016/8/11,43.49,41.48,43.86,41.1,682.24K,4.27%
2016/8/10,41.71,42.74,43.39,41.42,676.15K,-2.48%
2016/8/9,42.77,42.83,43.52,42.47,624.70K,-0.58%
2016/8/8,43.02,41.99,43.39,41.81,562.53K,2.92%
2016/8/5,41.8,41.84,42.1,41.06,550.19K,-0.31%
2016/8/4,41.93,41.16,42.08,40.43,598.84K,2.69%
2016/8/3,40.83,39.7,41.2,39.19,655.19K,3.34%
2016/8/2,39.51,40.08,40.91,39.26,534.51K,-1.37%
2016/8/1,40.06,41.35,41.88,39.82,533.02K,-3.70%
2016/7/29,41.6,41.12,41.67,40.57,478.76K,1.12%
2016/7/28,41.14,41.93,42.22,41.04,447.91K,-1.86%
2016/7/27,41.92,42.66,43.2,41.68,537.39K,-2.33%
2016/7/26,42.92,43.07,43.39,42.36,461.32K,-0.49%
2016/7/25,43.13,44.2,44.37,42.97,389.84K,-2.40%
2016/7/22,44.19,44.6,44.97,43.74,428.41K,-1.25%
2016/7/21,44.75,45.65,46.09,44.52,432.97K,-0.42%
2016/7/20,44.94,44.59,45.25,43.69,29.39K,0.65%
2016/7/19,44.65,45.23,45.67,44.53,128.13K,-1.30%
2016/7/18,45.24,46.12,46.14,44.86,211.39K,-1.55%
2016/7/15,45.95,45.52,46.33,45.05,430.26K,0.59%
2016/7/14,45.68,45.14,45.8,44.95,573.76K,2.08%
2016/7/13,44.75,46.58,46.71,44.56,686.25K,-4.38%
2016/7/12,46.8,44.58,46.93,44.51,658.26K,4.56%
2016/7/11,44.76,45.07,45.77,44.42,533.66K,-1.43%
2016/7/8,45.41,45.19,45.97,44.77,583.08K,0.60%
2016/7/7,45.14,47.88,48.25,44.87,710.89K,-4.83%
2016/7/6,47.43,46.83,47.95,45.92,607.66K,1.78%
2016/7/5,46.6,49.11,49.35,46.33,609.19K,-4.21%
2016/7/4,48.65,49.01,49.35,48.54,-,-0.73%
2016/7/3,49.01,49.14,49.22,48.94,-,0.04%
2016/7/1,48.99,48.38,49.3,47.9,405.19K,1.37%
2016/6/30,48.33,49.55,49.62,48.17,508.74K,-3.11%
2016/6/29,49.88,48.06,50,47.98,511.48K,4.24%
2016/6/28,47.85,46.59,48.18,46.54,498.85K,3.28%
2016/6/27,46.33,47.81,47.96,45.83,504.61K,-2.75%
2016/6/24,47.64,50.3,50.45,46.7,649.45K,-4.93%
2016/6/23,50.11,49.08,50.23,49.08,401.89K,1.99%
2016/6/22,49.13,50.22,50.54,48.4,569.94K,0.57%
2016/6/21,48.85,49.14,49.32,48.16,30.11K,-1.05%
2016/6/20,49.37,48.29,49.42,48.14,98.29K,2.90%
2016/6/17,47.98,45.99,48.29,45.83,226.65K,3.83%
2016/6/16,46.21,47.45,47.75,45.91,507.91K,-3.75%
2016/6/15,48.01,47.9,48.72,47.28,527.87K,-0.99%
2016/6/14,48.49,48.52,48.69,47.84,456.14K,-0.80%
2016/6/13,48.88,48.85,49.28,48.16,506.04K,-0.39%
2016/6/10,49.07,50.47,50.73,48.8,596.12K,-2.95%
2016/6/9,50.56,51.45,51.67,50.23,560.72K,-1.31%
2016/6/8,51.23,50.41,51.62,50.32,656.42K,1.73%
2016/6/7,50.36,49.71,50.53,49.44,542.25K,1.35%
2016/6/6,49.69,48.88,49.9,48.71,450.47K,2.20%
2016/6/3,48.62,49.04,49.41,48.33,481.03K,-1.12%
2016/6/2,49.17,48.9,49.47,47.97,564.85K,0.33%
2016/6/1,49.01,48.82,49.25,47.75,568.84K,-0.18%
2016/5/31,49.1,49.54,50.1,48.81,476.99K,-0.83%
2016/5/30,49.51,49.56,49.75,49.08,-,-0.14%
2016/5/29,49.58,49.54,49.71,49.54,-,0.51%
2016/5/27,49.33,49.31,49.6,48.69,406.39K,-0.30%
2016/5/26,49.48,49.7,50.21,49.22,488.47K,-0.16%
2016/5/25,49.56,49.09,49.75,48.65,550.50K,1.93%
2016/5/24,48.62,48.08,49.27,47.64,475.97K,1.12%
2016/5/23,48.08,48.46,48.5,47.4,475.45K,0.69%
2016/5/20,47.75,48.2,48.79,47.44,28.52K,-0.85%
2016/5/19,48.16,47.87,48.28,46.73,108.82K,-0.06%
2016/5/18,48.19,48.53,48.95,47.75,343.18K,-0.25%
2016/5/17,48.31,47.9,48.76,47.53,470.44K,1.24%
2016/5/16,47.72,46.28,47.98,46.15,550.86K,3.27%
2016/5/13,46.21,46.41,46.49,45.75,519.36K,-1.05%
2016/5/12,46.7,46,47.02,45.61,715.10K,1.02%
2016/5/11,46.23,44.6,46.36,43.96,869.96K,3.52%
2016/5/10,44.66,43.25,44.79,43.03,709.42K,2.81%
2016/5/9,43.44,45,45.94,43.24,767.57K,-2.73%
2016/5/6,44.66,44.52,45.34,43.54,695.31K,0.77%
2016/5/5,44.32,44.04,46.07,43.96,746.16K,1.23%
2016/5/4,43.78,43.85,44.88,43.22,711.13K,0.30%
2016/5/3,43.65,44.92,45.35,43.32,625.55K,-2.52%
2016/5/2,44.78,45.9,46.15,44.54,464.03K,-2.48%
2016/4/29,45.92,45.9,46.78,45.24,598.44K,-0.24%
2016/4/28,46.03,45.3,46.14,44.94,487.41K,1.54%
2016/4/27,45.33,44.64,45.62,43.77,648.03K,2.93%
2016/4/26,44.04,42.96,44.83,42.5,564.39K,3.28%
2016/4/25,42.64,43.75,44.04,42.58,606.38K,-2.49%
2016/4/22,43.73,43.42,44.45,43.11,575.11K,1.27%
2016/4/21,43.18,43.97,44.49,43.05,671.10K,1.29%
2016/4/20,42.63,40.8,42.91,39.85,30.09K,3.77%
2016/4/19,41.08,40.04,41.53,39.58,101.73K,3.27%
2016/4/18,39.78,38.75,40.24,37.61,342.46K,-1.44%
2016/4/15,40.36,41.43,41.73,39.98,520.15K,-2.75%
2016/4/14,41.5,41.54,42.16,40.84,488.61K,-0.62%
2016/4/13,41.76,41.63,42.42,41.24,730.44K,-0.97%
2016/4/12,42.17,40.35,42.25,40.09,796.84K,4.48%
2016/4/11,40.36,39.72,40.75,39.25,679.35K,1.61%
2016/4/8,39.72,37.52,39.84,37.45,817.23K,6.60%
2016/4/7,37.26,37.76,38.3,36.69,626.75K,-1.30%
2016/4/6,37.75,36.52,37.9,36.43,751.05K,5.18%
2016/4/5,35.89,35.5,36.58,35.24,485.54K,0.53%
2016/4/4,35.7,36.61,37.21,35.46,549.48K,-2.96%
2016/4/1,36.79,38.14,38.56,36.63,547.19K,-4.04%
2016/3/31,38.34,38.3,39.04,37.57,532.15K,0.05%
2016/3/30,38.32,38.52,39.85,38.14,542.47K,0.10%
2016/3/29,38.28,39.32,39.48,37.91,488.03K,-2.82%
2016/3/28,39.39,39.55,40.14,38.86,299.78K,-0.18%
2016/3/24,39.46,39.73,39.77,38.33,495.17K,-0.83%
2016/3/23,39.79,41.19,41.34,39.67,492.00K,-4.00%
2016/3/22,41.45,41.59,41.9,40.77,463.69K,3.86%
2016/3/21,39.91,39.06,40.3,38.61,31.92K,1.19%
2016/3/18,39.44,40.25,41.2,39.15,130.15K,-1.89%
2016/3/17,40.2,38.59,40.36,38.47,298.01K,4.52%
2016/3/16,38.46,36.74,38.63,36.61,494.17K,5.83%
2016/3/15,36.34,37.37,37.4,35.96,446.10K,-2.26%
2016/3/14,37.18,38.17,38.77,36.68,489.94K,-3.43%
2016/3/11,38.5,37.99,39.02,37.92,564.79K,1.74%
2016/3/10,37.84,38.17,38.48,37.21,701.44K,-1.18%
2016/3/9,38.29,36.36,38.51,36.24,740.63K,4.90%
2016/3/8,36.5,37.94,38.39,36.12,706.93K,-3.69%
2016/3/7,37.9,36.2,38.11,36.09,709.87K,5.51%
2016/3/4,35.92,34.66,36.34,34.4,578.29K,3.91%
2016/3/3,34.57,34.73,35.32,34.19,512.96K,-0.26%
2016/3/2,34.66,33.89,35.17,33.55,597.83K,0.76%
2016/3/1,34.4,33.9,34.76,33.37,566.23K,1.93%
2016/2/29,33.75,32.72,33.98,32.32,512.47K,2.96%
2016/2/26,32.78,33.04,34.69,32.64,646.29K,-0.88%
2016/2/25,33.07,32.19,33.49,31.07,611.87K,2.86%
2016/2/24,32.15,31.28,32.4,30.56,652.25K,0.88%
2016/2/23,31.87,33.34,33.53,31.22,539.38K,1.24%
2016/2/22,31.48,29.72,32.05,29.48,26.32K,6.21%
2016/2/19,29.64,30.6,30.73,29.05,103.20K,-3.67%
2016/2/18,30.77,31.35,31.98,30.27,225.50K,0.36%
2016/2/17,30.66,29.14,31.49,28.73,578.64K,5.58%
2016/2/16,29.04,29.08,31.53,28.7,651.96K,-5.11%
2016/2/15,30.6,29.08,30.69,28.97,-,5.26%
2016/2/14,29.08,29.06,29.18,28.97,-,-1.24%
2016/2/12,29.44,27.3,29.66,26.95,675.16K,12.32%
2016/2/11,26.21,27.34,27.48,26.05,795.97K,-4.52%
2016/2/10,27.45,28.36,29.22,27.24,781.28K,-1.75%
2016/2/9,27.94,30.17,30.61,27.74,738.22K,-5.89%
2016/2/8,29.69,30.97,31.38,29.57,603.65K,-3.88%
2016/2/5,30.89,31.64,32.45,30.63,616.53K,-2.62%
2016/2/4,31.72,32.71,33.6,31.53,696.72K,-1.73%
2016/2/3,32.28,29.75,32.75,29.4,811.70K,8.03%
2016/2/2,29.88,31.37,31.53,29.57,602.56K,-5.50%
2016/2/1,31.62,33.83,34.18,31.29,595.61K,-5.95%
2016/1/29,33.62,33.7,34.4,32.65,618.11K,1.20%
2016/1/28,33.22,32.19,34.82,31.74,833.38K,2.85%
2016/1/27,32.3,30.55,32.84,30.14,738.55K,2.70%
2016/1/26,31.45,29.81,32.41,29.25,642.43K,3.66%
2016/1/25,30.34,32.05,32.74,29.68,606.89K,-5.75%
2016/1/22,32.19,29.84,32.35,29.53,636.57K,9.01%
2016/1/21,29.53,28.35,30.25,27.87,694.04K,11.22%
2016/1/20,26.55,28.33,28.58,26.19,32.11K,-6.71%
2016/1/19,28.46,29.2,30.21,28.21,188.03K,-5.21%
2016/1/18,30.02,29.76,30.88,29.67,-,0.94%
2016/1/17,29.75,30.68,30.68,29.36,-,1.10%
2016/1/15,29.42,31.18,31.18,29.13,329.09K,-5.71%
2016/1/14,31.2,30.6,31.77,30.28,537.91K,2.36%
2016/1/13,30.48,30.54,31.71,30.1,637.90K,0.13%
2016/1/12,30.44,31.11,32.21,29.93,627.22K,-3.09%
2016/1/11,31.41,32.94,33.2,30.88,648.64K,-5.28%
2016/1/8,33.16,33.3,34.34,32.64,596.50K,-0.33%
2016/1/7,33.27,34.09,34.26,32.1,617.41K,-2.06%
2016/1/6,33.97,36.18,36.39,33.77,563.81K,-5.56%
2016/1/5,35.97,36.9,37.1,35.74,410.13K,-2.15%
2016/1/4,36.76,37.6,38.39,36.33,431.99K,-0.76%
